Date,Prediction
1973-01-01,45.09327578769444
1973-01-01,45.09327578769444
1973-01-01,45.09327578769444
1973-01-01,45.09327578769444
1973-01-01,45.09327578769444
1973-02-01,44.96209097803512
1973-02-01,44.96209097803512
1973-02-01,44.96209097803512
1973-02-01,44.96209097803512
1973-02-01,44.96209097803512
1973-03-01,44.830906168375805
1973-03-01,44.830906168375805
1973-03-01,44.830906168375805
1973-03-01,44.830906168375805
1973-03-01,44.830906168375805
1973-04-01,44.69972135871649
1973-04-01,44.69972135871649
1973-04-01,44.69972135871649
1973-04-01,44.69972135871649
1973-04-01,44.69972135871649
1973-05-01,44.56853654905717
1973-05-01,44.56853654905717
1973-05-01,44.56853654905717
1973-05-01,44.56853654905717
1973-05-01,44.56853654905717
1973-06-01,44.437351739397855
1973-06-01,44.437351739397855
1973-06-01,44.437351739397855
1973-06-01,44.437351739397855
1973-06-01,44.437351739397855
1973-07-01,44.30616692973854
1973-07-01,44.30616692973854
1973-07-01,44.30616692973854
1973-07-01,44.30616692973854
1973-07-01,44.30616692973854
1973-08-01,44.17498212007922
1973-08-01,44.17498212007922
1973-08-01,44.17498212007922
1973-08-01,44.17498212007922
1973-08-01,44.17498212007922
1973-09-01,44.043797310419905
1973-09-01,44.043797310419905
1973-09-01,44.043797310419905
1973-09-01,44.043797310419905
1973-09-01,44.043797310419905
1973-10-01,43.91261250076059
1973-10-01,43.91261250076059
1973-10-01,43.91261250076059
1973-10-01,43.91261250076059
1973-10-01,43.91261250076059
1973-11-01,43.78142769110127
1973-11-01,43.78142769110127
1973-11-01,43.78142769110127
1973-11-01,43.78142769110127
1973-11-01,43.78142769110127
1973-12-01,43.650242881441955
1973-12-01,43.650242881441955
1973-12-01,43.650242881441955
1973-12-01,43.650242881441955
1973-12-01,43.650242881441955
1974-01-01,46.15145142520714
1974-01-01,46.15145142520714
1974-01-01,46.15145142520714
1974-01-01,46.15145142520714
1974-01-01,46.15145142520714
1974-02-01,46.020266615547825
1974-02-01,46.020266615547825
1974-02-01,46.020266615547825
1974-02-01,46.020266615547825
1974-02-01,46.020266615547825
1974-03-01,45.88908180588851
1974-03-01,45.88908180588851
1974-03-01,45.88908180588851
1974-03-01,45.88908180588851
1974-03-01,45.88908180588851
1974-04-01,45.75789699622919
1974-04-01,45.75789699622919
1974-04-01,45.75789699622919
1974-04-01,45.75789699622919
1974-04-01,45.75789699622919
1974-05-01,45.626712186569875
1974-05-01,45.626712186569875
1974-05-01,45.626712186569875
1974-05-01,45.626712186569875
1974-05-01,45.626712186569875
1974-06-01,45.49552737691056
1974-06-01,45.49552737691056
1974-06-01,45.49552737691056
1974-06-01,45.49552737691056
1974-06-01,45.49552737691056
1974-07-01,45.36434256725124
1974-07-01,45.36434256725124
1974-07-01,45.36434256725124
1974-07-01,45.36434256725124
1974-07-01,45.36434256725124
1974-08-01,45.233157757591925
1974-08-01,45.233157757591925
1974-08-01,45.233157757591925
1974-08-01,45.233157757591925
1974-08-01,45.233157757591925
1974-09-01,45.10197294793261
1974-09-01,45.10197294793261
1974-09-01,45.10197294793261
1974-09-01,45.10197294793261
1974-09-01,45.10197294793261
1974-10-01,44.97078813827329
1974-10-01,44.97078813827329
1974-10-01,44.97078813827329
1974-10-01,44.97078813827329
1974-10-01,44.97078813827329
1974-11-01,44.839603328613975
1974-11-01,44.839603328613975
1974-11-01,44.839603328613975
1974-11-01,44.839603328613975
1974-11-01,44.839603328613975
1974-12-01,44.70841851895466
1974-12-01,44.70841851895466
1974-12-01,44.70841851895466
1974-12-01,44.70841851895466
1974-12-01,44.70841851895466
1975-01-01,47.20962706271939
1975-01-01,47.20962706271939
1975-01-01,47.20962706271939
1975-01-01,47.20962706271939
1975-01-01,47.20962706271939
1975-02-01,47.078442253060075
1975-02-01,47.078442253060075
1975-02-01,47.078442253060075
1975-02-01,47.078442253060075
1975-02-01,47.078442253060075
1975-03-01,46.94725744340076
1975-03-01,46.94725744340076
1975-03-01,46.94725744340076
1975-03-01,46.94725744340076
1975-03-01,46.94725744340076
1975-04-01,46.81607263374144
1975-04-01,46.81607263374144
1975-04-01,46.81607263374144
1975-04-01,46.81607263374144
1975-04-01,46.81607263374144
1975-05-01,46.684887824082125
1975-05-01,46.684887824082125
1975-05-01,46.684887824082125
1975-05-01,46.684887824082125
1975-05-01,46.684887824082125
1975-06-01,46.55370301442281
1975-06-01,46.55370301442281
1975-06-01,46.55370301442281
1975-06-01,46.55370301442281
1975-06-01,46.55370301442281
1975-07-01,46.42251820476349
1975-07-01,46.42251820476349
1975-07-01,46.42251820476349
1975-07-01,46.42251820476349
1975-07-01,46.42251820476349
1975-08-01,46.291333395104175
1975-08-01,46.291333395104175
1975-08-01,46.291333395104175
1975-08-01,46.291333395104175
1975-08-01,46.291333395104175
1975-09-01,46.16014858544486
1975-09-01,46.16014858544486
1975-09-01,46.16014858544486
1975-09-01,46.16014858544486
1975-09-01,46.16014858544486
1975-10-01,46.02896377578554
1975-10-01,46.02896377578554
1975-10-01,46.02896377578554
1975-10-01,46.02896377578554
1975-10-01,46.02896377578554
1975-11-01,45.897778966126225
1975-11-01,45.897778966126225
1975-11-01,45.897778966126225
1975-11-01,45.897778966126225
1975-11-01,45.897778966126225
1975-12-01,45.76659415646691
1975-12-01,45.76659415646691
1975-12-01,45.76659415646691
1975-12-01,45.76659415646691
1975-12-01,45.76659415646691
1976-01-01,48.267802700232096
1976-01-01,48.267802700232096
1976-01-01,48.267802700232096
1976-01-01,48.267802700232096
1976-01-01,48.267802700232096
1976-02-01,48.13661789057278
1976-02-01,48.13661789057278
1976-02-01,48.13661789057278
1976-02-01,48.13661789057278
1976-02-01,48.13661789057278
1976-03-01,48.00543308091346
1976-03-01,48.00543308091346
1976-03-01,48.00543308091346
1976-03-01,48.00543308091346
1976-03-01,48.00543308091346
1976-04-01,47.874248271254146
1976-04-01,47.874248271254146
1976-04-01,47.874248271254146
1976-04-01,47.874248271254146
1976-04-01,47.874248271254146
1976-05-01,47.74306346159483
1976-05-01,47.74306346159483
1976-05-01,47.74306346159483
1976-05-01,47.74306346159483
1976-05-01,47.74306346159483
1976-06-01,47.61187865193551
1976-06-01,47.61187865193551
1976-06-01,47.61187865193551
1976-06-01,47.61187865193551
1976-06-01,47.61187865193551
1976-07-01,47.480693842276196
1976-07-01,47.480693842276196
1976-07-01,47.480693842276196
1976-07-01,47.480693842276196
1976-07-01,47.480693842276196
1976-08-01,47.34950903261688
1976-08-01,47.34950903261688
1976-08-01,47.34950903261688
1976-08-01,47.34950903261688
1976-08-01,47.34950903261688
1976-09-01,47.21832422295756
1976-09-01,47.21832422295756
1976-09-01,47.21832422295756
1976-09-01,47.21832422295756
1976-09-01,47.21832422295756
1976-10-01,47.087139413298246
1976-10-01,47.087139413298246
1976-10-01,47.087139413298246
1976-10-01,47.087139413298246
1976-10-01,47.087139413298246
1976-11-01,46.95595460363893
1976-11-01,46.95595460363893
1976-11-01,46.95595460363893
1976-11-01,46.95595460363893
1976-11-01,46.95595460363893
1976-12-01,46.82476979397961
1976-12-01,46.82476979397961
1976-12-01,46.82476979397961
1976-12-01,46.82476979397961
1976-12-01,46.82476979397961
1977-01-01,49.3259783377448
1977-01-01,49.3259783377448
1977-01-01,49.3259783377448
1977-01-01,49.3259783377448
1977-01-01,49.3259783377448
1977-02-01,49.194793528085484
1977-02-01,49.194793528085484
1977-02-01,49.194793528085484
1977-02-01,49.194793528085484
1977-02-01,49.194793528085484
1977-03-01,49.06360871842617
1977-03-01,49.06360871842617
1977-03-01,49.06360871842617
1977-03-01,49.06360871842617
1977-03-01,49.06360871842617
1977-04-01,48.93242390876685
1977-04-01,48.93242390876685
1977-04-01,48.93242390876685
1977-04-01,48.93242390876685
1977-04-01,48.93242390876685
1977-05-01,48.80123909910753
1977-05-01,48.80123909910753
1977-05-01,48.80123909910753
1977-05-01,48.80123909910753
1977-05-01,48.80123909910753
1977-06-01,48.67005428944822
1977-06-01,48.67005428944822
1977-06-01,48.67005428944822
1977-06-01,48.67005428944822
1977-06-01,48.67005428944822
1977-07-01,48.5388694797889
1977-07-01,48.5388694797889
1977-07-01,48.5388694797889
1977-07-01,48.5388694797889
1977-07-01,48.5388694797889
1977-08-01,48.40768467012958
1977-08-01,48.40768467012958
1977-08-01,48.40768467012958
1977-08-01,48.40768467012958
1977-08-01,48.40768467012958
1977-09-01,48.27649986047027
1977-09-01,48.27649986047027
1977-09-01,48.27649986047027
1977-09-01,48.27649986047027
1977-09-01,48.27649986047027
1977-10-01,48.14531505081095
1977-10-01,48.14531505081095
1977-10-01,48.14531505081095
1977-10-01,48.14531505081095
1977-10-01,48.14531505081095
1977-11-01,48.01413024115163
1977-11-01,48.01413024115163
1977-11-01,48.01413024115163
1977-11-01,48.01413024115163
1977-11-01,48.01413024115163
1977-12-01,47.88294543149232
1977-12-01,47.88294543149232
1977-12-01,47.88294543149232
1977-12-01,47.88294543149232
1977-12-01,47.88294543149232
1978-01-01,50.384153975257504
1978-01-01,50.384153975257504
1978-01-01,50.384153975257504
1978-01-01,50.384153975257504
1978-01-01,50.384153975257504
1978-02-01,50.25296916559819
1978-02-01,50.25296916559819
1978-02-01,50.25296916559819
1978-02-01,50.25296916559819
1978-02-01,50.25296916559819
1978-03-01,50.12178435593887
1978-03-01,50.12178435593887
1978-03-01,50.12178435593887
1978-03-01,50.12178435593887
1978-03-01,50.12178435593887
1978-04-01,49.990599546279554
1978-04-01,49.990599546279554
1978-04-01,49.990599546279554
1978-04-01,49.990599546279554
1978-04-01,49.990599546279554
1978-05-01,49.85941473662024
1978-05-01,49.85941473662024
1978-05-01,49.85941473662024
1978-05-01,49.85941473662024
1978-05-01,49.85941473662024
1978-06-01,49.72822992696092
1978-06-01,49.72822992696092
1978-06-01,49.72822992696092
1978-06-01,49.72822992696092
1978-06-01,49.72822992696092
1978-07-01,49.597045117301604
1978-07-01,49.597045117301604
1978-07-01,49.597045117301604
1978-07-01,49.597045117301604
1978-07-01,49.597045117301604
1978-08-01,49.46586030764229
1978-08-01,49.46586030764229
1978-08-01,49.46586030764229
1978-08-01,49.46586030764229
1978-08-01,49.46586030764229
1978-09-01,49.33467549798297
1978-09-01,49.33467549798297
1978-09-01,49.33467549798297
1978-09-01,49.33467549798297
1978-09-01,49.33467549798297
1978-10-01,49.203490688323654
1978-10-01,49.203490688323654
1978-10-01,49.203490688323654
1978-10-01,49.203490688323654
1978-10-01,49.203490688323654
1978-11-01,49.07230587866434
1978-11-01,49.07230587866434
1978-11-01,49.07230587866434
1978-11-01,49.07230587866434
1978-11-01,49.07230587866434
1978-12-01,48.94112106900502
1978-12-01,48.94112106900502
1978-12-01,48.94112106900502
1978-12-01,48.94112106900502
1978-12-01,48.94112106900502
1979-01-01,51.44232961277021
1979-01-01,51.44232961277021
1979-01-01,51.44232961277021
1979-01-01,51.44232961277021
1979-01-01,51.44232961277021
1979-02-01,51.31114480311089
1979-02-01,51.31114480311089
1979-02-01,51.31114480311089
1979-02-01,51.31114480311089
1979-02-01,51.31114480311089
1979-03-01,51.179959993451575
1979-03-01,51.179959993451575
1979-03-01,51.179959993451575
1979-03-01,51.179959993451575
1979-03-01,51.179959993451575
1979-04-01,51.04877518379226
1979-04-01,51.04877518379226
1979-04-01,51.04877518379226
1979-04-01,51.04877518379226
1979-04-01,51.04877518379226
1979-05-01,50.91759037413294
1979-05-01,50.91759037413294
1979-05-01,50.91759037413294
1979-05-01,50.91759037413294
1979-05-01,50.91759037413294
1979-06-01,50.786405564473625
1979-06-01,50.786405564473625
1979-06-01,50.786405564473625
1979-06-01,50.786405564473625
1979-06-01,50.786405564473625
1979-07-01,50.65522075481431
1979-07-01,50.65522075481431
1979-07-01,50.65522075481431
1979-07-01,50.65522075481431
1979-07-01,50.65522075481431
1979-08-01,50.52403594515499
1979-08-01,50.52403594515499
1979-08-01,50.52403594515499
1979-08-01,50.52403594515499
1979-08-01,50.52403594515499
1979-09-01,50.392851135495675
1979-09-01,50.392851135495675
1979-09-01,50.392851135495675
1979-09-01,50.392851135495675
1979-09-01,50.392851135495675
1979-10-01,50.26166632583636
1979-10-01,50.26166632583636
1979-10-01,50.26166632583636
1979-10-01,50.26166632583636
1979-10-01,50.26166632583636
1979-11-01,50.13048151617704
1979-11-01,50.13048151617704
1979-11-01,50.13048151617704
1979-11-01,50.13048151617704
1979-11-01,50.13048151617704
1979-12-01,49.999296706517725
1979-12-01,49.999296706517725
1979-12-01,49.999296706517725
1979-12-01,49.999296706517725
1979-12-01,49.999296706517725
1980-01-01,52.50050525028291
1980-01-01,52.50050525028291
1980-01-01,52.50050525028291
1980-01-01,52.50050525028291
1980-01-01,52.50050525028291
1980-02-01,52.369320440623596
1980-02-01,52.369320440623596
1980-02-01,52.369320440623596
1980-02-01,52.369320440623596
1980-02-01,52.369320440623596
1980-03-01,52.23813563096428
1980-03-01,52.23813563096428
1980-03-01,52.23813563096428
1980-03-01,52.23813563096428
1980-03-01,52.23813563096428
1980-04-01,52.10695082130496
1980-04-01,52.10695082130496
1980-04-01,52.10695082130496
1980-04-01,52.10695082130496
1980-04-01,52.10695082130496
1980-05-01,51.975766011645646
1980-05-01,51.975766011645646
1980-05-01,51.975766011645646
1980-05-01,51.975766011645646
1980-05-01,51.975766011645646
1980-06-01,51.84458120198633
1980-06-01,51.84458120198633
1980-06-01,51.84458120198633
1980-06-01,51.84458120198633
1980-06-01,51.84458120198633
1980-07-01,51.71339639232701
1980-07-01,51.71339639232701
1980-07-01,51.71339639232701
1980-07-01,51.71339639232701
1980-07-01,51.71339639232701
1980-08-01,51.582211582667696
1980-08-01,51.582211582667696
1980-08-01,51.582211582667696
1980-08-01,51.582211582667696
1980-08-01,51.582211582667696
1980-09-01,51.45102677300838
1980-09-01,51.45102677300838
1980-09-01,51.45102677300838
1980-09-01,51.45102677300838
1980-09-01,51.45102677300838
1980-10-01,51.31984196334906
1980-10-01,51.31984196334906
1980-10-01,51.31984196334906
1980-10-01,51.31984196334906
1980-10-01,51.31984196334906
1980-11-01,51.188657153689746
1980-11-01,51.188657153689746
1980-11-01,51.188657153689746
1980-11-01,51.188657153689746
1980-11-01,51.188657153689746
1980-12-01,51.05747234403043
1980-12-01,51.05747234403043
1980-12-01,51.05747234403043
1980-12-01,51.05747234403043
1980-12-01,51.05747234403043
1981-01-01,53.55868088779562
1981-01-01,53.55868088779562
1981-01-01,53.55868088779562
1981-01-01,53.55868088779562
1981-01-01,53.55868088779562
1981-02-01,53.4274960781363
1981-02-01,53.4274960781363
1981-02-01,53.4274960781363
1981-02-01,53.4274960781363
1981-02-01,53.4274960781363
1981-03-01,53.296311268476984
1981-03-01,53.296311268476984
1981-03-01,53.296311268476984
1981-03-01,53.296311268476984
1981-03-01,53.296311268476984
1981-04-01,53.16512645881767
1981-04-01,53.16512645881767
1981-04-01,53.16512645881767
1981-04-01,53.16512645881767
1981-04-01,53.16512645881767
1981-05-01,53.03394164915835
1981-05-01,53.03394164915835
1981-05-01,53.03394164915835
1981-05-01,53.03394164915835
1981-05-01,53.03394164915835
1981-06-01,52.902756839499034
1981-06-01,52.902756839499034
1981-06-01,52.902756839499034
1981-06-01,52.902756839499034
1981-06-01,52.902756839499034
1981-07-01,52.77157202983972
1981-07-01,52.77157202983972
1981-07-01,52.77157202983972
1981-07-01,52.77157202983972
1981-07-01,52.77157202983972
1981-08-01,52.6403872201804
1981-08-01,52.6403872201804
1981-08-01,52.6403872201804
1981-08-01,52.6403872201804
1981-08-01,52.6403872201804
1981-09-01,52.509202410521084
1981-09-01,52.509202410521084
1981-09-01,52.509202410521084
1981-09-01,52.509202410521084
1981-09-01,52.509202410521084
1981-10-01,52.37801760086177
1981-10-01,52.37801760086177
1981-10-01,52.37801760086177
1981-10-01,52.37801760086177
1981-10-01,52.37801760086177
1981-11-01,52.24683279120245
1981-11-01,52.24683279120245
1981-11-01,52.24683279120245
1981-11-01,52.24683279120245
1981-11-01,52.24683279120245
1981-12-01,52.115647981543134
1981-12-01,52.115647981543134
1981-12-01,52.115647981543134
1981-12-01,52.115647981543134
1981-12-01,52.115647981543134
1982-01-01,54.61685652530832
1982-01-01,54.61685652530832
1982-01-01,54.61685652530832
1982-01-01,54.61685652530832
1982-01-01,54.61685652530832
1982-02-01,54.485671715649005
1982-02-01,54.485671715649005
1982-02-01,54.485671715649005
1982-02-01,54.485671715649005
1982-02-01,54.485671715649005
1982-03-01,54.35448690598969
1982-03-01,54.35448690598969
1982-03-01,54.35448690598969
1982-03-01,54.35448690598969
1982-03-01,54.35448690598969
1982-04-01,54.22330209633037
1982-04-01,54.22330209633037
1982-04-01,54.22330209633037
1982-04-01,54.22330209633037
1982-04-01,54.22330209633037
1982-05-01,54.092117286671055
1982-05-01,54.092117286671055
1982-05-01,54.092117286671055
1982-05-01,54.092117286671055
1982-05-01,54.092117286671055
1982-06-01,53.96093247701174
1982-06-01,53.96093247701174
1982-06-01,53.96093247701174
1982-06-01,53.96093247701174
1982-06-01,53.96093247701174
1982-07-01,53.82974766735242
1982-07-01,53.82974766735242
1982-07-01,53.82974766735242
1982-07-01,53.82974766735242
1982-07-01,53.82974766735242
1982-08-01,53.698562857693105
1982-08-01,53.698562857693105
1982-08-01,53.698562857693105
1982-08-01,53.698562857693105
1982-08-01,53.698562857693105
1982-09-01,53.56737804803379
1982-09-01,53.56737804803379
1982-09-01,53.56737804803379
1982-09-01,53.56737804803379
1982-09-01,53.56737804803379
1982-10-01,53.43619323837447
1982-10-01,53.43619323837447
1982-10-01,53.43619323837447
1982-10-01,53.43619323837447
1982-10-01,53.43619323837447
1982-11-01,53.305008428715155
1982-11-01,53.305008428715155
1982-11-01,53.305008428715155
1982-11-01,53.305008428715155
1982-11-01,53.305008428715155
1982-12-01,53.17382361905584
1982-12-01,53.17382361905584
1982-12-01,53.17382361905584
1982-12-01,53.17382361905584
1982-12-01,53.17382361905584
1983-01-01,55.675032162821026
1983-01-01,55.675032162821026
1983-01-01,55.675032162821026
1983-01-01,55.675032162821026
1983-01-01,55.675032162821026
1983-02-01,55.54384735316171
1983-02-01,55.54384735316171
1983-02-01,55.54384735316171
1983-02-01,55.54384735316171
1983-02-01,55.54384735316171
1983-03-01,55.41266254350239
1983-03-01,55.41266254350239
1983-03-01,55.41266254350239
1983-03-01,55.41266254350239
1983-03-01,55.41266254350239
1983-04-01,55.281477733843076
1983-04-01,55.281477733843076
1983-04-01,55.281477733843076
1983-04-01,55.281477733843076
1983-04-01,55.281477733843076
1983-05-01,55.15029292418376
1983-05-01,55.15029292418376
1983-05-01,55.15029292418376
1983-05-01,55.15029292418376
1983-05-01,55.15029292418376
1983-06-01,55.01910811452444
1983-06-01,55.01910811452444
1983-06-01,55.01910811452444
1983-06-01,55.01910811452444
1983-06-01,55.01910811452444
1983-07-01,54.887923304865126
1983-07-01,54.887923304865126
1983-07-01,54.887923304865126
1983-07-01,54.887923304865126
1983-07-01,54.887923304865126
1983-08-01,54.75673849520581
1983-08-01,54.75673849520581
1983-08-01,54.75673849520581
1983-08-01,54.75673849520581
1983-08-01,54.75673849520581
1983-09-01,54.62555368554649
1983-09-01,54.62555368554649
1983-09-01,54.62555368554649
1983-09-01,54.62555368554649
1983-09-01,54.62555368554649
1983-10-01,54.494368875887176
1983-10-01,54.494368875887176
1983-10-01,54.494368875887176
1983-10-01,54.494368875887176
1983-10-01,54.494368875887176
1983-11-01,54.36318406622786
1983-11-01,54.36318406622786
1983-11-01,54.36318406622786
1983-11-01,54.36318406622786
1983-11-01,54.36318406622786
1983-12-01,54.23199925656854
1983-12-01,54.23199925656854
1983-12-01,54.23199925656854
1983-12-01,54.23199925656854
1983-12-01,54.23199925656854
1984-01-01,56.733207800333275
1984-01-01,56.733207800333275
1984-01-01,56.733207800333275
1984-01-01,56.733207800333275
1984-01-01,56.733207800333275
1984-02-01,56.60202299067396
1984-02-01,56.60202299067396
1984-02-01,56.60202299067396
1984-02-01,56.60202299067396
1984-02-01,56.60202299067396
1984-03-01,56.47083818101464
1984-03-01,56.47083818101464
1984-03-01,56.47083818101464
1984-03-01,56.47083818101464
1984-03-01,56.47083818101464
1984-04-01,56.339653371355325
1984-04-01,56.339653371355325
1984-04-01,56.339653371355325
1984-04-01,56.339653371355325
1984-04-01,56.339653371355325
1984-05-01,56.20846856169601
1984-05-01,56.20846856169601
1984-05-01,56.20846856169601
1984-05-01,56.20846856169601
1984-05-01,56.20846856169601
1984-06-01,56.07728375203669
1984-06-01,56.07728375203669
1984-06-01,56.07728375203669
1984-06-01,56.07728375203669
1984-06-01,56.07728375203669
1984-07-01,55.946098942377375
1984-07-01,55.946098942377375
1984-07-01,55.946098942377375
1984-07-01,55.946098942377375
1984-07-01,55.946098942377375
1984-08-01,55.81491413271806
1984-08-01,55.81491413271806
1984-08-01,55.81491413271806
1984-08-01,55.81491413271806
1984-08-01,55.81491413271806
1984-09-01,55.68372932305874
1984-09-01,55.68372932305874
1984-09-01,55.68372932305874
1984-09-01,55.68372932305874
1984-09-01,55.68372932305874
1984-10-01,55.552544513399425
1984-10-01,55.552544513399425
1984-10-01,55.552544513399425
1984-10-01,55.552544513399425
1984-10-01,55.552544513399425
1984-11-01,55.42135970374011
1984-11-01,55.42135970374011
1984-11-01,55.42135970374011
1984-11-01,55.42135970374011
1984-11-01,55.42135970374011
1984-12-01,55.29017489408079
1984-12-01,55.29017489408079
1984-12-01,55.29017489408079
1984-12-01,55.29017489408079
1984-12-01,55.29017489408079
1985-01-01,57.79138343784598
1985-01-01,57.79138343784598
1985-01-01,57.79138343784598
1985-01-01,57.79138343784598
1985-01-01,57.79138343784598
1985-02-01,57.66019862818666
1985-02-01,57.66019862818666
1985-02-01,57.66019862818666
1985-02-01,57.66019862818666
1985-02-01,57.66019862818666
1985-03-01,57.529013818527346
1985-03-01,57.529013818527346
1985-03-01,57.529013818527346
1985-03-01,57.529013818527346
1985-03-01,57.529013818527346
1985-04-01,57.39782900886803
1985-04-01,57.39782900886803
1985-04-01,57.39782900886803
1985-04-01,57.39782900886803
1985-04-01,57.39782900886803
1985-05-01,57.26664419920871
1985-05-01,57.26664419920871
1985-05-01,57.26664419920871
1985-05-01,57.26664419920871
1985-05-01,57.26664419920871
1985-06-01,57.135459389549396
1985-06-01,57.135459389549396
1985-06-01,57.135459389549396
1985-06-01,57.135459389549396
1985-06-01,57.135459389549396
1985-07-01,57.00427457989008
1985-07-01,57.00427457989008
1985-07-01,57.00427457989008
1985-07-01,57.00427457989008
1985-07-01,57.00427457989008
1985-08-01,56.87308977023076
1985-08-01,56.87308977023076
1985-08-01,56.87308977023076
1985-08-01,56.87308977023076
1985-08-01,56.87308977023076
1985-09-01,56.741904960571446
1985-09-01,56.741904960571446
1985-09-01,56.741904960571446
1985-09-01,56.741904960571446
1985-09-01,56.741904960571446
1985-10-01,56.61072015091213
1985-10-01,56.61072015091213
1985-10-01,56.61072015091213
1985-10-01,56.61072015091213
1985-10-01,56.61072015091213
1985-11-01,56.47953534125281
1985-11-01,56.47953534125281
1985-11-01,56.47953534125281
1985-11-01,56.47953534125281
1985-11-01,56.47953534125281
1985-12-01,56.348350531593496
1985-12-01,56.348350531593496
1985-12-01,56.348350531593496
1985-12-01,56.348350531593496
1985-12-01,56.348350531593496
1986-01-01,58.849559075358684
1986-01-01,58.849559075358684
1986-01-01,58.849559075358684
1986-01-01,58.849559075358684
1986-01-01,58.849559075358684
1986-02-01,58.71837426569937
1986-02-01,58.71837426569937
1986-02-01,58.71837426569937
1986-02-01,58.71837426569937
1986-02-01,58.71837426569937
1986-03-01,58.58718945604005
1986-03-01,58.58718945604005
1986-03-01,58.58718945604005
1986-03-01,58.58718945604005
1986-03-01,58.58718945604005
1986-04-01,58.456004646380734
1986-04-01,58.456004646380734
1986-04-01,58.456004646380734
1986-04-01,58.456004646380734
1986-04-01,58.456004646380734
1986-05-01,58.32481983672142
1986-05-01,58.32481983672142
1986-05-01,58.32481983672142
1986-05-01,58.32481983672142
1986-05-01,58.32481983672142
1986-06-01,58.1936350270621
1986-06-01,58.1936350270621
1986-06-01,58.1936350270621
1986-06-01,58.1936350270621
1986-06-01,58.1936350270621
1986-07-01,58.062450217402784
1986-07-01,58.062450217402784
1986-07-01,58.062450217402784
1986-07-01,58.062450217402784
1986-07-01,58.062450217402784
1986-08-01,57.93126540774347
1986-08-01,57.93126540774347
1986-08-01,57.93126540774347
1986-08-01,57.93126540774347
1986-08-01,57.93126540774347
1986-09-01,57.80008059808415
1986-09-01,57.80008059808415
1986-09-01,57.80008059808415
1986-09-01,57.80008059808415
1986-09-01,57.80008059808415
1986-10-01,57.668895788424834
1986-10-01,57.668895788424834
1986-10-01,57.668895788424834
1986-10-01,57.668895788424834
1986-10-01,57.668895788424834
1986-11-01,57.53771097876552
1986-11-01,57.53771097876552
1986-11-01,57.53771097876552
1986-11-01,57.53771097876552
1986-11-01,57.53771097876552
1986-12-01,57.4065261691062
1986-12-01,57.4065261691062
1986-12-01,57.4065261691062
1986-12-01,57.4065261691062
1986-12-01,57.4065261691062
1987-01-01,59.90773471287139
1987-01-01,59.90773471287139
1987-01-01,59.90773471287139
1987-01-01,59.90773471287139
1987-01-01,59.90773471287139
1987-02-01,59.77654990321207
1987-02-01,59.77654990321207
1987-02-01,59.77654990321207
1987-02-01,59.77654990321207
1987-02-01,59.77654990321207
1987-03-01,59.645365093552755
1987-03-01,59.645365093552755
1987-03-01,59.645365093552755
1987-03-01,59.645365093552755
1987-03-01,59.645365093552755
1987-04-01,59.51418028389344
1987-04-01,59.51418028389344
1987-04-01,59.51418028389344
1987-04-01,59.51418028389344
1987-04-01,59.51418028389344
1987-05-01,59.38299547423412
1987-05-01,59.38299547423412
1987-05-01,59.38299547423412
1987-05-01,59.38299547423412
1987-05-01,59.38299547423412
1987-06-01,59.251810664574805
1987-06-01,59.251810664574805
1987-06-01,59.251810664574805
1987-06-01,59.251810664574805
1987-06-01,59.251810664574805
1987-07-01,59.12062585491549
1987-07-01,59.12062585491549
1987-07-01,59.12062585491549
1987-07-01,59.12062585491549
1987-07-01,59.12062585491549
1987-08-01,58.98944104525617
1987-08-01,58.98944104525617
1987-08-01,58.98944104525617
1987-08-01,58.98944104525617
1987-08-01,58.98944104525617
1987-09-01,58.858256235596855
1987-09-01,58.858256235596855
1987-09-01,58.858256235596855
1987-09-01,58.858256235596855
1987-09-01,58.858256235596855
1987-10-01,58.72707142593754
1987-10-01,58.72707142593754
1987-10-01,58.72707142593754
1987-10-01,58.72707142593754
1987-10-01,58.72707142593754
1987-11-01,58.59588661627822
1987-11-01,58.59588661627822
1987-11-01,58.59588661627822
1987-11-01,58.59588661627822
1987-11-01,58.59588661627822
1987-12-01,58.464701806618905
1987-12-01,58.464701806618905
1987-12-01,58.464701806618905
1987-12-01,58.464701806618905
1987-12-01,58.464701806618905
1988-01-01,60.96591035038409
1988-01-01,60.96591035038409
1988-01-01,60.96591035038409
1988-01-01,60.96591035038409
1988-01-01,60.96591035038409
1988-02-01,60.834725540724776
1988-02-01,60.834725540724776
1988-02-01,60.834725540724776
1988-02-01,60.834725540724776
1988-02-01,60.834725540724776
1988-03-01,60.70354073106546
1988-03-01,60.70354073106546
1988-03-01,60.70354073106546
1988-03-01,60.70354073106546
1988-03-01,60.70354073106546
1988-04-01,60.57235592140614
1988-04-01,60.57235592140614
1988-04-01,60.57235592140614
1988-04-01,60.57235592140614
1988-04-01,60.57235592140614
1988-05-01,60.441171111746826
1988-05-01,60.441171111746826
1988-05-01,60.441171111746826
1988-05-01,60.441171111746826
1988-05-01,60.441171111746826
1988-06-01,60.30998630208751
1988-06-01,60.30998630208751
1988-06-01,60.30998630208751
1988-06-01,60.30998630208751
1988-06-01,60.30998630208751
1988-07-01,60.17880149242819
1988-07-01,60.17880149242819
1988-07-01,60.17880149242819
1988-07-01,60.17880149242819
1988-07-01,60.17880149242819
1988-08-01,60.047616682768876
1988-08-01,60.047616682768876
1988-08-01,60.047616682768876
1988-08-01,60.047616682768876
1988-08-01,60.047616682768876
1988-09-01,59.91643187310956
1988-09-01,59.91643187310956
1988-09-01,59.91643187310956
1988-09-01,59.91643187310956
1988-09-01,59.91643187310956
1988-10-01,59.78524706345024
1988-10-01,59.78524706345024
1988-10-01,59.78524706345024
1988-10-01,59.78524706345024
1988-10-01,59.78524706345024
1988-11-01,59.654062253790926
1988-11-01,59.654062253790926
1988-11-01,59.654062253790926
1988-11-01,59.654062253790926
1988-11-01,59.654062253790926
1988-12-01,59.52287744413161
1988-12-01,59.52287744413161
1988-12-01,59.52287744413161
1988-12-01,59.52287744413161
1988-12-01,59.52287744413161
1989-01-01,62.0240859878968
1989-01-01,62.0240859878968
1989-01-01,62.0240859878968
1989-01-01,62.0240859878968
1989-01-01,62.0240859878968
1989-02-01,61.89290117823748
1989-02-01,61.89290117823748
1989-02-01,61.89290117823748
1989-02-01,61.89290117823748
1989-02-01,61.89290117823748
1989-03-01,61.76171636857816
1989-03-01,61.76171636857816
1989-03-01,61.76171636857816
1989-03-01,61.76171636857816
1989-03-01,61.76171636857816
1989-04-01,61.63053155891885
1989-04-01,61.63053155891885
1989-04-01,61.63053155891885
1989-04-01,61.63053155891885
1989-04-01,61.63053155891885
1989-05-01,61.49934674925953
1989-05-01,61.49934674925953
1989-05-01,61.49934674925953
1989-05-01,61.49934674925953
1989-05-01,61.49934674925953
1989-06-01,61.36816193960021
1989-06-01,61.36816193960021
1989-06-01,61.36816193960021
1989-06-01,61.36816193960021
1989-06-01,61.36816193960021
1989-07-01,61.2369771299409
1989-07-01,61.2369771299409
1989-07-01,61.2369771299409
1989-07-01,61.2369771299409
1989-07-01,61.2369771299409
1989-08-01,61.10579232028158
1989-08-01,61.10579232028158
1989-08-01,61.10579232028158
1989-08-01,61.10579232028158
1989-08-01,61.10579232028158
1989-09-01,60.97460751062226
1989-09-01,60.97460751062226
1989-09-01,60.97460751062226
1989-09-01,60.97460751062226
1989-09-01,60.97460751062226
1989-10-01,60.84342270096295
1989-10-01,60.84342270096295
1989-10-01,60.84342270096295
1989-10-01,60.84342270096295
1989-10-01,60.84342270096295
1989-11-01,60.71223789130363
1989-11-01,60.71223789130363
1989-11-01,60.71223789130363
1989-11-01,60.71223789130363
1989-11-01,60.71223789130363
1989-12-01,60.58105308164431
1989-12-01,60.58105308164431
1989-12-01,60.58105308164431
1989-12-01,60.58105308164431
1989-12-01,60.58105308164431
1990-01-01,63.0822616254095
1990-01-01,63.0822616254095
1990-01-01,63.0822616254095
1990-01-01,63.0822616254095
1990-01-01,63.0822616254095
1990-02-01,62.951076815750184
1990-02-01,62.951076815750184
1990-02-01,62.951076815750184
1990-02-01,62.951076815750184
1990-02-01,62.951076815750184
1990-03-01,62.81989200609087
1990-03-01,62.81989200609087
1990-03-01,62.81989200609087
1990-03-01,62.81989200609087
1990-03-01,62.81989200609087
1990-04-01,62.68870719643155
1990-04-01,62.68870719643155
1990-04-01,62.68870719643155
1990-04-01,62.68870719643155
1990-04-01,62.68870719643155
1990-05-01,62.557522386772234
1990-05-01,62.557522386772234
1990-05-01,62.557522386772234
1990-05-01,62.557522386772234
1990-05-01,62.557522386772234
1990-06-01,62.42633757711292
1990-06-01,62.42633757711292
1990-06-01,62.42633757711292
1990-06-01,62.42633757711292
1990-06-01,62.42633757711292
1990-07-01,62.2951527674536
1990-07-01,62.2951527674536
1990-07-01,62.2951527674536
1990-07-01,62.2951527674536
1990-07-01,62.2951527674536
1990-08-01,62.163967957794284
1990-08-01,62.163967957794284
1990-08-01,62.163967957794284
1990-08-01,62.163967957794284
1990-08-01,62.163967957794284
1990-09-01,62.03278314813497
1990-09-01,62.03278314813497
1990-09-01,62.03278314813497
1990-09-01,62.03278314813497
1990-09-01,62.03278314813497
1990-10-01,61.90159833847565
1990-10-01,61.90159833847565
1990-10-01,61.90159833847565
1990-10-01,61.90159833847565
1990-10-01,61.90159833847565
1990-11-01,61.770413528816334
1990-11-01,61.770413528816334
1990-11-01,61.770413528816334
1990-11-01,61.770413528816334
1990-11-01,61.770413528816334
1990-12-01,61.63922871915702
1990-12-01,61.63922871915702
1990-12-01,61.63922871915702
1990-12-01,61.63922871915702
1990-12-01,61.63922871915702
1991-01-01,64.1404372629222
1991-01-01,64.1404372629222
1991-01-01,64.1404372629222
1991-01-01,64.1404372629222
1991-01-01,64.1404372629222
1991-02-01,64.00925245326289
1991-02-01,64.00925245326289
1991-02-01,64.00925245326289
1991-02-01,64.00925245326289
1991-02-01,64.00925245326289
1991-03-01,63.87806764360357
1991-03-01,63.87806764360357
1991-03-01,63.87806764360357
1991-03-01,63.87806764360357
1991-03-01,63.87806764360357
1991-04-01,63.746882833944255
1991-04-01,63.746882833944255
1991-04-01,63.746882833944255
1991-04-01,63.746882833944255
1991-04-01,63.746882833944255
1991-05-01,63.61569802428494
1991-05-01,63.61569802428494
1991-05-01,63.61569802428494
1991-05-01,63.61569802428494
1991-05-01,63.61569802428494
1991-06-01,63.48451321462562
1991-06-01,63.48451321462562
1991-06-01,63.48451321462562
1991-06-01,63.48451321462562
1991-06-01,63.48451321462562
1991-07-01,63.353328404966305
1991-07-01,63.353328404966305
1991-07-01,63.353328404966305
1991-07-01,63.353328404966305
1991-07-01,63.353328404966305
1991-08-01,63.22214359530699
1991-08-01,63.22214359530699
1991-08-01,63.22214359530699
1991-08-01,63.22214359530699
1991-08-01,63.22214359530699
1991-09-01,63.09095878564767
1991-09-01,63.09095878564767
1991-09-01,63.09095878564767
1991-09-01,63.09095878564767
1991-09-01,63.09095878564767
1991-10-01,62.959773975988355
1991-10-01,62.959773975988355
1991-10-01,62.959773975988355
1991-10-01,62.959773975988355
1991-10-01,62.959773975988355
1991-11-01,62.82858916632904
1991-11-01,62.82858916632904
1991-11-01,62.82858916632904
1991-11-01,62.82858916632904
1991-11-01,62.82858916632904
1991-12-01,62.69740435666972
1991-12-01,62.69740435666972
1991-12-01,62.69740435666972
1991-12-01,62.69740435666972
1991-12-01,62.69740435666972
1992-01-01,65.19861290043491
1992-01-01,65.19861290043491
1992-01-01,65.19861290043491
1992-01-01,65.19861290043491
1992-01-01,65.19861290043491
1992-02-01,65.06742809077559
1992-02-01,65.06742809077559
1992-02-01,65.06742809077559
1992-02-01,65.06742809077559
1992-02-01,65.06742809077559
1992-03-01,64.93624328111628
1992-03-01,64.93624328111628
1992-03-01,64.93624328111628
1992-03-01,64.93624328111628
1992-03-01,64.93624328111628
1992-04-01,64.80505847145696
1992-04-01,64.80505847145696
1992-04-01,64.80505847145696
1992-04-01,64.80505847145696
1992-04-01,64.80505847145696
1992-05-01,64.67387366179764
1992-05-01,64.67387366179764
1992-05-01,64.67387366179764
1992-05-01,64.67387366179764
1992-05-01,64.67387366179764
1992-06-01,64.54268885213833
1992-06-01,64.54268885213833
1992-06-01,64.54268885213833
1992-06-01,64.54268885213833
1992-06-01,64.54268885213833
1992-07-01,64.41150404247901
1992-07-01,64.41150404247901
1992-07-01,64.41150404247901
1992-07-01,64.41150404247901
1992-07-01,64.41150404247901
1992-08-01,64.28031923281969
1992-08-01,64.28031923281969
1992-08-01,64.28031923281969
1992-08-01,64.28031923281969
1992-08-01,64.28031923281969
1992-09-01,64.14913442316038
1992-09-01,64.14913442316038
1992-09-01,64.14913442316038
1992-09-01,64.14913442316038
1992-09-01,64.14913442316038
1992-10-01,64.01794961350106
1992-10-01,64.01794961350106
1992-10-01,64.01794961350106
1992-10-01,64.01794961350106
1992-10-01,64.01794961350106
1992-11-01,63.88676480384174
1992-11-01,63.88676480384174
1992-11-01,63.88676480384174
1992-11-01,63.88676480384174
1992-11-01,63.88676480384174
1992-12-01,63.755579994182426
1992-12-01,63.755579994182426
1992-12-01,63.755579994182426
1992-12-01,63.755579994182426
1992-12-01,63.755579994182426
1993-01-01,66.25678853794716
1993-01-01,66.25678853794716
1993-01-01,66.25678853794716
1993-01-01,66.25678853794716
1993-01-01,66.25678853794716
1993-02-01,66.12560372828784
1993-02-01,66.12560372828784
1993-02-01,66.12560372828784
1993-02-01,66.12560372828784
1993-02-01,66.12560372828784
1993-03-01,65.99441891862853
1993-03-01,65.99441891862853
1993-03-01,65.99441891862853
1993-03-01,65.99441891862853
1993-03-01,65.99441891862853
1993-04-01,65.86323410896921
1993-04-01,65.86323410896921
1993-04-01,65.86323410896921
1993-04-01,65.86323410896921
1993-04-01,65.86323410896921
1993-05-01,65.73204929930989
1993-05-01,65.73204929930989
1993-05-01,65.73204929930989
1993-05-01,65.73204929930989
1993-05-01,65.73204929930989
1993-06-01,65.60086448965058
1993-06-01,65.60086448965058
1993-06-01,65.60086448965058
1993-06-01,65.60086448965058
1993-06-01,65.60086448965058
1993-07-01,65.46967967999126
1993-07-01,65.46967967999126
1993-07-01,65.46967967999126
1993-07-01,65.46967967999126
1993-07-01,65.46967967999126
1993-08-01,65.33849487033194
1993-08-01,65.33849487033194
1993-08-01,65.33849487033194
1993-08-01,65.33849487033194
1993-08-01,65.33849487033194
1993-09-01,65.20731006067263
1993-09-01,65.20731006067263
1993-09-01,65.20731006067263
1993-09-01,65.20731006067263
1993-09-01,65.20731006067263
1993-10-01,65.07612525101331
1993-10-01,65.07612525101331
1993-10-01,65.07612525101331
1993-10-01,65.07612525101331
1993-10-01,65.07612525101331
1993-11-01,64.94494044135399
1993-11-01,64.94494044135399
1993-11-01,64.94494044135399
1993-11-01,64.94494044135399
1993-11-01,64.94494044135399
1993-12-01,64.81375563169468
1993-12-01,64.81375563169468
1993-12-01,64.81375563169468
1993-12-01,64.81375563169468
1993-12-01,64.81375563169468
1994-01-01,67.31496417545986
1994-01-01,67.31496417545986
1994-01-01,67.31496417545986
1994-01-01,67.31496417545986
1994-01-01,67.31496417545986
1994-02-01,67.18377936580055
1994-02-01,67.18377936580055
1994-02-01,67.18377936580055
1994-02-01,67.18377936580055
1994-02-01,67.18377936580055
1994-03-01,67.05259455614123
1994-03-01,67.05259455614123
1994-03-01,67.05259455614123
1994-03-01,67.05259455614123
1994-03-01,67.05259455614123
1994-04-01,66.92140974648191
1994-04-01,66.92140974648191
1994-04-01,66.92140974648191
1994-04-01,66.92140974648191
1994-04-01,66.92140974648191
1994-05-01,66.7902249368226
1994-05-01,66.7902249368226
1994-05-01,66.7902249368226
1994-05-01,66.7902249368226
1994-05-01,66.7902249368226
1994-06-01,66.65904012716328
1994-06-01,66.65904012716328
1994-06-01,66.65904012716328
1994-06-01,66.65904012716328
1994-06-01,66.65904012716328
1994-07-01,66.52785531750396
1994-07-01,66.52785531750396
1994-07-01,66.52785531750396
1994-07-01,66.52785531750396
1994-07-01,66.52785531750396
1994-08-01,66.39667050784465
1994-08-01,66.39667050784465
1994-08-01,66.39667050784465
1994-08-01,66.39667050784465
1994-08-01,66.39667050784465
1994-09-01,66.26548569818533
1994-09-01,66.26548569818533
1994-09-01,66.26548569818533
1994-09-01,66.26548569818533
1994-09-01,66.26548569818533
1994-10-01,66.13430088852601
1994-10-01,66.13430088852601
1994-10-01,66.13430088852601
1994-10-01,66.13430088852601
1994-10-01,66.13430088852601
1994-11-01,66.0031160788667
1994-11-01,66.0031160788667
1994-11-01,66.0031160788667
1994-11-01,66.0031160788667
1994-11-01,66.0031160788667
1994-12-01,65.87193126920738
1994-12-01,65.87193126920738
1994-12-01,65.87193126920738
1994-12-01,65.87193126920738
1994-12-01,65.87193126920738
1995-01-01,68.37313981297257
1995-01-01,68.37313981297257
1995-01-01,68.37313981297257
1995-01-01,68.37313981297257
1995-01-01,68.37313981297257
1995-02-01,68.24195500331325
1995-02-01,68.24195500331325
1995-02-01,68.24195500331325
1995-02-01,68.24195500331325
1995-02-01,68.24195500331325
1995-03-01,68.11077019365393
1995-03-01,68.11077019365393
1995-03-01,68.11077019365393
1995-03-01,68.11077019365393
1995-03-01,68.11077019365393
1995-04-01,67.97958538399462
1995-04-01,67.97958538399462
1995-04-01,67.97958538399462
1995-04-01,67.97958538399462
1995-04-01,67.97958538399462
1995-05-01,67.8484005743353
1995-05-01,67.8484005743353
1995-05-01,67.8484005743353
1995-05-01,67.8484005743353
1995-05-01,67.8484005743353
1995-06-01,67.71721576467598
1995-06-01,67.71721576467598
1995-06-01,67.71721576467598
1995-06-01,67.71721576467598
1995-06-01,67.71721576467598
1995-07-01,67.58603095501667
1995-07-01,67.58603095501667
1995-07-01,67.58603095501667
1995-07-01,67.58603095501667
1995-07-01,67.58603095501667
1995-08-01,67.45484614535735
1995-08-01,67.45484614535735
1995-08-01,67.45484614535735
1995-08-01,67.45484614535735
1995-08-01,67.45484614535735
1995-09-01,67.32366133569803
1995-09-01,67.32366133569803
1995-09-01,67.32366133569803
1995-09-01,67.32366133569803
1995-09-01,67.32366133569803
1995-10-01,67.19247652603872
1995-10-01,67.19247652603872
1995-10-01,67.19247652603872
1995-10-01,67.19247652603872
1995-10-01,67.19247652603872
1995-11-01,67.0612917163794
1995-11-01,67.0612917163794
1995-11-01,67.0612917163794
1995-11-01,67.0612917163794
1995-11-01,67.0612917163794
1995-12-01,66.93010690672008
1995-12-01,66.93010690672008
1995-12-01,66.93010690672008
1995-12-01,66.93010690672008
1995-12-01,66.93010690672008
1996-01-01,69.43131545048527
1996-01-01,69.43131545048527
1996-01-01,69.43131545048527
1996-01-01,69.43131545048527
1996-01-01,69.43131545048527
1996-02-01,69.30013064082596
1996-02-01,69.30013064082596
1996-02-01,69.30013064082596
1996-02-01,69.30013064082596
1996-02-01,69.30013064082596
1996-03-01,69.16894583116664
1996-03-01,69.16894583116664
1996-03-01,69.16894583116664
1996-03-01,69.16894583116664
1996-03-01,69.16894583116664
1996-04-01,69.03776102150732
1996-04-01,69.03776102150732
1996-04-01,69.03776102150732
1996-04-01,69.03776102150732
1996-04-01,69.03776102150732
1996-05-01,68.906576211848
1996-05-01,68.906576211848
1996-05-01,68.906576211848
1996-05-01,68.906576211848
1996-05-01,68.906576211848
1996-06-01,68.77539140218869
1996-06-01,68.77539140218869
1996-06-01,68.77539140218869
1996-06-01,68.77539140218869
1996-06-01,68.77539140218869
1996-07-01,68.64420659252937
1996-07-01,68.64420659252937
1996-07-01,68.64420659252937
1996-07-01,68.64420659252937
1996-07-01,68.64420659252937
1996-08-01,68.51302178287006
1996-08-01,68.51302178287006
1996-08-01,68.51302178287006
1996-08-01,68.51302178287006
1996-08-01,68.51302178287006
1996-09-01,68.38183697321074
1996-09-01,68.38183697321074
1996-09-01,68.38183697321074
1996-09-01,68.38183697321074
1996-09-01,68.38183697321074
1996-10-01,68.25065216355142
1996-10-01,68.25065216355142
1996-10-01,68.25065216355142
1996-10-01,68.25065216355142
1996-10-01,68.25065216355142
1996-11-01,68.1194673538921
1996-11-01,68.1194673538921
1996-11-01,68.1194673538921
1996-11-01,68.1194673538921
1996-11-01,68.1194673538921
1996-12-01,67.98828254423279
1996-12-01,67.98828254423279
1996-12-01,67.98828254423279
1996-12-01,67.98828254423279
1996-12-01,67.98828254423279
1997-01-01,70.48949108799798
1997-01-01,70.48949108799798
1997-01-01,70.48949108799798
1997-01-01,70.48949108799798
1997-01-01,70.48949108799798
1997-02-01,70.35830627833866
1997-02-01,70.35830627833866
1997-02-01,70.35830627833866
1997-02-01,70.35830627833866
1997-02-01,70.35830627833866
1997-03-01,70.22712146867934
1997-03-01,70.22712146867934
1997-03-01,70.22712146867934
1997-03-01,70.22712146867934
1997-03-01,70.22712146867934
1997-04-01,70.09593665902003
1997-04-01,70.09593665902003
1997-04-01,70.09593665902003
1997-04-01,70.09593665902003
1997-04-01,70.09593665902003
1997-05-01,69.96475184936071
1997-05-01,69.96475184936071
1997-05-01,69.96475184936071
1997-05-01,69.96475184936071
1997-05-01,69.96475184936071
1997-06-01,69.83356703970139
1997-06-01,69.83356703970139
1997-06-01,69.83356703970139
1997-06-01,69.83356703970139
1997-06-01,69.83356703970139
1997-07-01,69.70238223004208
1997-07-01,69.70238223004208
1997-07-01,69.70238223004208
1997-07-01,69.70238223004208
1997-07-01,69.70238223004208
1997-08-01,69.57119742038276
1997-08-01,69.57119742038276
1997-08-01,69.57119742038276
1997-08-01,69.57119742038276
1997-08-01,69.57119742038276
1997-09-01,69.44001261072344
1997-09-01,69.44001261072344
1997-09-01,69.44001261072344
1997-09-01,69.44001261072344
1997-09-01,69.44001261072344
1997-10-01,69.30882780106413
1997-10-01,69.30882780106413
1997-10-01,69.30882780106413
1997-10-01,69.30882780106413
1997-10-01,69.30882780106413
1997-11-01,69.17764299140481
1997-11-01,69.17764299140481
1997-11-01,69.17764299140481
1997-11-01,69.17764299140481
1997-11-01,69.17764299140481
1997-12-01,69.04645818174549
1997-12-01,69.04645818174549
1997-12-01,69.04645818174549
1997-12-01,69.04645818174549
1997-12-01,69.04645818174549
1998-01-01,71.54766672551068
1998-01-01,71.54766672551068
1998-01-01,71.54766672551068
1998-01-01,71.54766672551068
1998-01-01,71.54766672551068
1998-02-01,71.41648191585136
1998-02-01,71.41648191585136
1998-02-01,71.41648191585136
1998-02-01,71.41648191585136
1998-02-01,71.41648191585136
1998-03-01,71.28529710619205
1998-03-01,71.28529710619205
1998-03-01,71.28529710619205
1998-03-01,71.28529710619205
1998-03-01,71.28529710619205
1998-04-01,71.15411229653273
1998-04-01,71.15411229653273
1998-04-01,71.15411229653273
1998-04-01,71.15411229653273
1998-04-01,71.15411229653273
1998-05-01,71.02292748687341
1998-05-01,71.02292748687341
1998-05-01,71.02292748687341
1998-05-01,71.02292748687341
1998-05-01,71.02292748687341
1998-06-01,70.8917426772141
1998-06-01,70.8917426772141
1998-06-01,70.8917426772141
1998-06-01,70.8917426772141
1998-06-01,70.8917426772141
1998-07-01,70.76055786755478
1998-07-01,70.76055786755478
1998-07-01,70.76055786755478
1998-07-01,70.76055786755478
1998-07-01,70.76055786755478
1998-08-01,70.62937305789546
1998-08-01,70.62937305789546
1998-08-01,70.62937305789546
1998-08-01,70.62937305789546
1998-08-01,70.62937305789546
1998-09-01,70.49818824823615
1998-09-01,70.49818824823615
1998-09-01,70.49818824823615
1998-09-01,70.49818824823615
1998-09-01,70.49818824823615
1998-10-01,70.36700343857683
1998-10-01,70.36700343857683
1998-10-01,70.36700343857683
1998-10-01,70.36700343857683
1998-10-01,70.36700343857683
1998-11-01,70.23581862891751
1998-11-01,70.23581862891751
1998-11-01,70.23581862891751
1998-11-01,70.23581862891751
1998-11-01,70.23581862891751
1998-12-01,70.1046338192582
1998-12-01,70.1046338192582
1998-12-01,70.1046338192582
1998-12-01,70.1046338192582
1998-12-01,70.1046338192582
1999-01-01,72.60584236302338
1999-01-01,72.60584236302338
1999-01-01,72.60584236302338
1999-01-01,72.60584236302338
1999-01-01,72.60584236302338
1999-02-01,72.47465755336407
1999-02-01,72.47465755336407
1999-02-01,72.47465755336407
1999-02-01,72.47465755336407
1999-02-01,72.47465755336407
1999-03-01,72.34347274370475
1999-03-01,72.34347274370475
1999-03-01,72.34347274370475
1999-03-01,72.34347274370475
1999-03-01,72.34347274370475
1999-04-01,72.21228793404543
1999-04-01,72.21228793404543
1999-04-01,72.21228793404543
1999-04-01,72.21228793404543
1999-04-01,72.21228793404543
1999-05-01,72.08110312438612
1999-05-01,72.08110312438612
1999-05-01,72.08110312438612
1999-05-01,72.08110312438612
1999-05-01,72.08110312438612
1999-06-01,71.9499183147268
1999-06-01,71.9499183147268
1999-06-01,71.9499183147268
1999-06-01,71.9499183147268
1999-06-01,71.9499183147268
1999-07-01,71.81873350506748
1999-07-01,71.81873350506748
1999-07-01,71.81873350506748
1999-07-01,71.81873350506748
1999-07-01,71.81873350506748
1999-08-01,71.68754869540817
1999-08-01,71.68754869540817
1999-08-01,71.68754869540817
1999-08-01,71.68754869540817
1999-08-01,71.68754869540817
1999-09-01,71.55636388574885
1999-09-01,71.55636388574885
1999-09-01,71.55636388574885
1999-09-01,71.55636388574885
1999-09-01,71.55636388574885
1999-10-01,71.42517907608953
1999-10-01,71.42517907608953
1999-10-01,71.42517907608953
1999-10-01,71.42517907608953
1999-10-01,71.42517907608953
1999-11-01,71.29399426643022
1999-11-01,71.29399426643022
1999-11-01,71.29399426643022
1999-11-01,71.29399426643022
1999-11-01,71.29399426643022
1999-12-01,71.1628094567709
1999-12-01,71.1628094567709
1999-12-01,71.1628094567709
1999-12-01,71.1628094567709
1999-12-01,71.1628094567709
2000-01-01,73.66401800053609
2000-01-01,73.66401800053609
2000-01-01,73.66401800053609
2000-01-01,73.66401800053609
2000-01-01,73.66401800053609
2000-02-01,73.53283319087677
2000-02-01,73.53283319087677
2000-02-01,73.53283319087677
2000-02-01,73.53283319087677
2000-02-01,73.53283319087677
2000-03-01,73.40164838121746
2000-03-01,73.40164838121746
2000-03-01,73.40164838121746
2000-03-01,73.40164838121746
2000-03-01,73.40164838121746
2000-04-01,73.27046357155814
2000-04-01,73.27046357155814
2000-04-01,73.27046357155814
2000-04-01,73.27046357155814
2000-04-01,73.27046357155814
2000-05-01,73.13927876189882
2000-05-01,73.13927876189882
2000-05-01,73.13927876189882
2000-05-01,73.13927876189882
2000-05-01,73.13927876189882
2000-06-01,73.0080939522395
2000-06-01,73.0080939522395
2000-06-01,73.0080939522395
2000-06-01,73.0080939522395
2000-06-01,73.0080939522395
2000-07-01,72.87690914258019
2000-07-01,72.87690914258019
2000-07-01,72.87690914258019
2000-07-01,72.87690914258019
2000-07-01,72.87690914258019
2000-08-01,72.74572433292087
2000-08-01,72.74572433292087
2000-08-01,72.74572433292087
2000-08-01,72.74572433292087
2000-08-01,72.74572433292087
2000-09-01,72.61453952326156
2000-09-01,72.61453952326156
2000-09-01,72.61453952326156
2000-09-01,72.61453952326156
2000-09-01,72.61453952326156
2000-10-01,72.48335471360224
2000-10-01,72.48335471360224
2000-10-01,72.48335471360224
2000-10-01,72.48335471360224
2000-10-01,72.48335471360224
2000-11-01,72.35216990394292
2000-11-01,72.35216990394292
2000-11-01,72.35216990394292
2000-11-01,72.35216990394292
2000-11-01,72.35216990394292
2000-12-01,72.2209850942836
2000-12-01,72.2209850942836
2000-12-01,72.2209850942836
2000-12-01,72.2209850942836
2000-12-01,72.2209850942836
2001-01-01,74.72219363804834
2001-01-01,74.72219363804834
2001-01-01,74.72219363804834
2001-01-01,74.72219363804834
2001-01-01,74.72219363804834
2001-02-01,74.59100882838902
2001-02-01,74.59100882838902
2001-02-01,74.59100882838902
2001-02-01,74.59100882838902
2001-02-01,74.59100882838902
2001-03-01,74.4598240187297
2001-03-01,74.4598240187297
2001-03-01,74.4598240187297
2001-03-01,74.4598240187297
2001-03-01,74.4598240187297
2001-04-01,74.32863920907039
2001-04-01,74.32863920907039
2001-04-01,74.32863920907039
2001-04-01,74.32863920907039
2001-04-01,74.32863920907039
2001-05-01,74.19745439941107
2001-05-01,74.19745439941107
2001-05-01,74.19745439941107
2001-05-01,74.19745439941107
2001-05-01,74.19745439941107
2001-06-01,74.06626958975176
2001-06-01,74.06626958975176
2001-06-01,74.06626958975176
2001-06-01,74.06626958975176
2001-06-01,74.06626958975176
2001-07-01,73.93508478009244
2001-07-01,73.93508478009244
2001-07-01,73.93508478009244
2001-07-01,73.93508478009244
2001-07-01,73.93508478009244
2001-08-01,73.80389997043312
2001-08-01,73.80389997043312
2001-08-01,73.80389997043312
2001-08-01,73.80389997043312
2001-08-01,73.80389997043312
2001-09-01,73.6727151607738
2001-09-01,73.6727151607738
2001-09-01,73.6727151607738
2001-09-01,73.6727151607738
2001-09-01,73.6727151607738
2001-10-01,73.54153035111449
2001-10-01,73.54153035111449
2001-10-01,73.54153035111449
2001-10-01,73.54153035111449
2001-10-01,73.54153035111449
2001-11-01,73.41034554145517
2001-11-01,73.41034554145517
2001-11-01,73.41034554145517
2001-11-01,73.41034554145517
2001-11-01,73.41034554145517
2001-12-01,73.27916073179586
2001-12-01,73.27916073179586
2001-12-01,73.27916073179586
2001-12-01,73.27916073179586
2001-12-01,73.27916073179586
2002-01-01,75.78036927556104
2002-01-01,75.78036927556104
2002-01-01,75.78036927556104
2002-01-01,75.78036927556104
2002-01-01,75.78036927556104
2002-02-01,75.64918446590173
2002-02-01,75.64918446590173
2002-02-01,75.64918446590173
2002-02-01,75.64918446590173
2002-02-01,75.64918446590173
2002-03-01,75.51799965624241
2002-03-01,75.51799965624241
2002-03-01,75.51799965624241
2002-03-01,75.51799965624241
2002-03-01,75.51799965624241
2002-04-01,75.38681484658309
2002-04-01,75.38681484658309
2002-04-01,75.38681484658309
2002-04-01,75.38681484658309
2002-04-01,75.38681484658309
2002-05-01,75.25563003692378
2002-05-01,75.25563003692378
2002-05-01,75.25563003692378
2002-05-01,75.25563003692378
2002-05-01,75.25563003692378
2002-06-01,75.12444522726446
2002-06-01,75.12444522726446
2002-06-01,75.12444522726446
2002-06-01,75.12444522726446
2002-06-01,75.12444522726446
2002-07-01,74.99326041760514
2002-07-01,74.99326041760514
2002-07-01,74.99326041760514
2002-07-01,74.99326041760514
2002-07-01,74.99326041760514
2002-08-01,74.86207560794583
2002-08-01,74.86207560794583
2002-08-01,74.86207560794583
2002-08-01,74.86207560794583
2002-08-01,74.86207560794583
2002-09-01,74.73089079828651
2002-09-01,74.73089079828651
2002-09-01,74.73089079828651
2002-09-01,74.73089079828651
2002-09-01,74.73089079828651
2002-10-01,74.59970598862719
2002-10-01,74.59970598862719
2002-10-01,74.59970598862719
2002-10-01,74.59970598862719
2002-10-01,74.59970598862719
2002-11-01,74.46852117896788
2002-11-01,74.46852117896788
2002-11-01,74.46852117896788
2002-11-01,74.46852117896788
2002-11-01,74.46852117896788
2002-12-01,74.33733636930856
2002-12-01,74.33733636930856
2002-12-01,74.33733636930856
2002-12-01,74.33733636930856
2002-12-01,74.33733636930856
2003-01-01,76.83854491307375
2003-01-01,76.83854491307375
2003-01-01,76.83854491307375
2003-01-01,76.83854491307375
2003-01-01,76.83854491307375
2003-02-01,76.70736010341443
2003-02-01,76.70736010341443
2003-02-01,76.70736010341443
2003-02-01,76.70736010341443
2003-02-01,76.70736010341443
2003-03-01,76.57617529375511
2003-03-01,76.57617529375511
2003-03-01,76.57617529375511
2003-03-01,76.57617529375511
2003-03-01,76.57617529375511
2003-04-01,76.4449904840958
2003-04-01,76.4449904840958
2003-04-01,76.4449904840958
2003-04-01,76.4449904840958
2003-04-01,76.4449904840958
2003-05-01,76.31380567443648
2003-05-01,76.31380567443648
2003-05-01,76.31380567443648
2003-05-01,76.31380567443648
2003-05-01,76.31380567443648
2003-06-01,76.18262086477716
2003-06-01,76.18262086477716
2003-06-01,76.18262086477716
2003-06-01,76.18262086477716
2003-06-01,76.18262086477716
2003-07-01,76.05143605511785
2003-07-01,76.05143605511785
2003-07-01,76.05143605511785
2003-07-01,76.05143605511785
2003-07-01,76.05143605511785
2003-08-01,75.92025124545853
2003-08-01,75.92025124545853
2003-08-01,75.92025124545853
2003-08-01,75.92025124545853
2003-08-01,75.92025124545853
2003-09-01,75.78906643579921
2003-09-01,75.78906643579921
2003-09-01,75.78906643579921
2003-09-01,75.78906643579921
2003-09-01,75.78906643579921
2003-10-01,75.6578816261399
2003-10-01,75.6578816261399
2003-10-01,75.6578816261399
2003-10-01,75.6578816261399
2003-10-01,75.6578816261399
2003-11-01,75.52669681648058
2003-11-01,75.52669681648058
2003-11-01,75.52669681648058
2003-11-01,75.52669681648058
2003-11-01,75.52669681648058
2003-12-01,75.39551200682126
2003-12-01,75.39551200682126
2003-12-01,75.39551200682126
2003-12-01,75.39551200682126
2003-12-01,75.39551200682126
2004-01-01,77.89672055058645
2004-01-01,77.89672055058645
2004-01-01,77.89672055058645
2004-01-01,77.89672055058645
2004-01-01,77.89672055058645
2004-02-01,77.76553574092713
2004-02-01,77.76553574092713
2004-02-01,77.76553574092713
2004-02-01,77.76553574092713
2004-02-01,77.76553574092713
2004-03-01,77.63435093126782
2004-03-01,77.63435093126782
2004-03-01,77.63435093126782
2004-03-01,77.63435093126782
2004-03-01,77.63435093126782
2004-04-01,77.5031661216085
2004-04-01,77.5031661216085
2004-04-01,77.5031661216085
2004-04-01,77.5031661216085
2004-04-01,77.5031661216085
2004-05-01,77.37198131194918
2004-05-01,77.37198131194918
2004-05-01,77.37198131194918
2004-05-01,77.37198131194918
2004-05-01,77.37198131194918
2004-06-01,77.24079650228987
2004-06-01,77.24079650228987
2004-06-01,77.24079650228987
2004-06-01,77.24079650228987
2004-06-01,77.24079650228987
2004-07-01,77.10961169263055
2004-07-01,77.10961169263055
2004-07-01,77.10961169263055
2004-07-01,77.10961169263055
2004-07-01,77.10961169263055
2004-08-01,76.97842688297123
2004-08-01,76.97842688297123
2004-08-01,76.97842688297123
2004-08-01,76.97842688297123
2004-08-01,76.97842688297123
2004-09-01,76.84724207331192
2004-09-01,76.84724207331192
2004-09-01,76.84724207331192
2004-09-01,76.84724207331192
2004-09-01,76.84724207331192
2004-10-01,76.7160572636526
2004-10-01,76.7160572636526
2004-10-01,76.7160572636526
2004-10-01,76.7160572636526
2004-10-01,76.7160572636526
2004-11-01,76.58487245399328
2004-11-01,76.58487245399328
2004-11-01,76.58487245399328
2004-11-01,76.58487245399328
2004-11-01,76.58487245399328
2004-12-01,76.45368764433397
2004-12-01,76.45368764433397
2004-12-01,76.45368764433397
2004-12-01,76.45368764433397
2004-12-01,76.45368764433397
2005-01-01,78.95489618809916
2005-01-01,78.95489618809916
2005-01-01,78.95489618809916
2005-01-01,78.95489618809916
2005-01-01,78.95489618809916
2005-02-01,78.82371137843984
2005-02-01,78.82371137843984
2005-02-01,78.82371137843984
2005-02-01,78.82371137843984
2005-02-01,78.82371137843984
2005-03-01,78.69252656878052
2005-03-01,78.69252656878052
2005-03-01,78.69252656878052
2005-03-01,78.69252656878052
2005-03-01,78.69252656878052
2005-04-01,78.5613417591212
2005-04-01,78.5613417591212
2005-04-01,78.5613417591212
2005-04-01,78.5613417591212
2005-04-01,78.5613417591212
2005-05-01,78.43015694946189
2005-05-01,78.43015694946189
2005-05-01,78.43015694946189
2005-05-01,78.43015694946189
2005-05-01,78.43015694946189
2005-06-01,78.29897213980257
2005-06-01,78.29897213980257
2005-06-01,78.29897213980257
2005-06-01,78.29897213980257
2005-06-01,78.29897213980257
2005-07-01,78.16778733014326
2005-07-01,78.16778733014326
2005-07-01,78.16778733014326
2005-07-01,78.16778733014326
2005-07-01,78.16778733014326
2005-08-01,78.03660252048394
2005-08-01,78.03660252048394
2005-08-01,78.03660252048394
2005-08-01,78.03660252048394
2005-08-01,78.03660252048394
2005-09-01,77.90541771082462
2005-09-01,77.90541771082462
2005-09-01,77.90541771082462
2005-09-01,77.90541771082462
2005-09-01,77.90541771082462
2005-10-01,77.7742329011653
2005-10-01,77.7742329011653
2005-10-01,77.7742329011653
2005-10-01,77.7742329011653
2005-10-01,77.7742329011653
2005-11-01,77.64304809150599
2005-11-01,77.64304809150599
2005-11-01,77.64304809150599
2005-11-01,77.64304809150599
2005-11-01,77.64304809150599
2005-12-01,77.51186328184667
2005-12-01,77.51186328184667
2005-12-01,77.51186328184667
2005-12-01,77.51186328184667
2005-12-01,77.51186328184667
2006-01-01,80.01307182561186
2006-01-01,80.01307182561186
2006-01-01,80.01307182561186
2006-01-01,80.01307182561186
2006-01-01,80.01307182561186
2006-02-01,79.88188701595254
2006-02-01,79.88188701595254
2006-02-01,79.88188701595254
2006-02-01,79.88188701595254
2006-02-01,79.88188701595254
2006-03-01,79.75070220629323
2006-03-01,79.75070220629323
2006-03-01,79.75070220629323
2006-03-01,79.75070220629323
2006-03-01,79.75070220629323
2006-04-01,79.61951739663391
2006-04-01,79.61951739663391
2006-04-01,79.61951739663391
2006-04-01,79.61951739663391
2006-04-01,79.61951739663391
2006-05-01,79.4883325869746
2006-05-01,79.4883325869746
2006-05-01,79.4883325869746
2006-05-01,79.4883325869746
2006-05-01,79.4883325869746
2006-06-01,79.35714777731528
2006-06-01,79.35714777731528
2006-06-01,79.35714777731528
2006-06-01,79.35714777731528
2006-06-01,79.35714777731528
2006-07-01,79.22596296765596
2006-07-01,79.22596296765596
2006-07-01,79.22596296765596
2006-07-01,79.22596296765596
2006-07-01,79.22596296765596
2006-08-01,79.09477815799664
2006-08-01,79.09477815799664
2006-08-01,79.09477815799664
2006-08-01,79.09477815799664
2006-08-01,79.09477815799664
2006-09-01,78.96359334833733
2006-09-01,78.96359334833733
2006-09-01,78.96359334833733
2006-09-01,78.96359334833733
2006-09-01,78.96359334833733
2006-10-01,78.83240853867801
2006-10-01,78.83240853867801
2006-10-01,78.83240853867801
2006-10-01,78.83240853867801
2006-10-01,78.83240853867801
2006-11-01,78.7012237290187
2006-11-01,78.7012237290187
2006-11-01,78.7012237290187
2006-11-01,78.7012237290187
2006-11-01,78.7012237290187
2006-12-01,78.57003891935938
2006-12-01,78.57003891935938
2006-12-01,78.57003891935938
2006-12-01,78.57003891935938
2006-12-01,78.57003891935938
2007-01-01,81.07124746312456
2007-01-01,81.07124746312456
2007-01-01,81.07124746312456
2007-01-01,81.07124746312456
2007-01-01,81.07124746312456
2007-02-01,80.94006265346525
2007-02-01,80.94006265346525
2007-02-01,80.94006265346525
2007-02-01,80.94006265346525
2007-02-01,80.94006265346525
2007-03-01,80.80887784380593
2007-03-01,80.80887784380593
2007-03-01,80.80887784380593
2007-03-01,80.80887784380593
2007-03-01,80.80887784380593
2007-04-01,80.67769303414661
2007-04-01,80.67769303414661
2007-04-01,80.67769303414661
2007-04-01,80.67769303414661
2007-04-01,80.67769303414661
2007-05-01,80.5465082244873
2007-05-01,80.5465082244873
2007-05-01,80.5465082244873
2007-05-01,80.5465082244873
2007-05-01,80.5465082244873
2007-06-01,80.41532341482798
2007-06-01,80.41532341482798
2007-06-01,80.41532341482798
2007-06-01,80.41532341482798
2007-06-01,80.41532341482798
2007-07-01,80.28413860516866
2007-07-01,80.28413860516866
2007-07-01,80.28413860516866
2007-07-01,80.28413860516866
2007-07-01,80.28413860516866
2007-08-01,80.15295379550935
2007-08-01,80.15295379550935
2007-08-01,80.15295379550935
2007-08-01,80.15295379550935
2007-08-01,80.15295379550935
2007-09-01,80.02176898585003
2007-09-01,80.02176898585003
2007-09-01,80.02176898585003
2007-09-01,80.02176898585003
2007-09-01,80.02176898585003
2007-10-01,79.89058417619071
2007-10-01,79.89058417619071
2007-10-01,79.89058417619071
2007-10-01,79.89058417619071
2007-10-01,79.89058417619071
2007-11-01,79.7593993665314
2007-11-01,79.7593993665314
2007-11-01,79.7593993665314
2007-11-01,79.7593993665314
2007-11-01,79.7593993665314
2007-12-01,79.62821455687208
2007-12-01,79.62821455687208
2007-12-01,79.62821455687208
2007-12-01,79.62821455687208
2007-12-01,79.62821455687208
2008-01-01,82.12942310063727
2008-01-01,82.12942310063727
2008-01-01,82.12942310063727
2008-01-01,82.12942310063727
2008-01-01,82.12942310063727
2008-02-01,81.99823829097795
2008-02-01,81.99823829097795
2008-02-01,81.99823829097795
2008-02-01,81.99823829097795
2008-02-01,81.99823829097795
2008-03-01,81.86705348131864
2008-03-01,81.86705348131864
2008-03-01,81.86705348131864
2008-03-01,81.86705348131864
2008-03-01,81.86705348131864
2008-04-01,81.73586867165932
2008-04-01,81.73586867165932
2008-04-01,81.73586867165932
2008-04-01,81.73586867165932
2008-04-01,81.73586867165932
2008-05-01,81.604683862
2008-05-01,81.604683862
2008-05-01,81.604683862
2008-05-01,81.604683862
2008-05-01,81.604683862
2008-06-01,81.47349905234069
2008-06-01,81.47349905234069
2008-06-01,81.47349905234069
2008-06-01,81.47349905234069
2008-06-01,81.47349905234069
2008-07-01,81.34231424268137
2008-07-01,81.34231424268137
2008-07-01,81.34231424268137
2008-07-01,81.34231424268137
2008-07-01,81.34231424268137
2008-08-01,81.21112943302205
2008-08-01,81.21112943302205
2008-08-01,81.21112943302205
2008-08-01,81.21112943302205
2008-08-01,81.21112943302205
2008-09-01,81.07994462336274
2008-09-01,81.07994462336274
2008-09-01,81.07994462336274
2008-09-01,81.07994462336274
2008-09-01,81.07994462336274
2008-10-01,80.94875981370342
2008-10-01,80.94875981370342
2008-10-01,80.94875981370342
2008-10-01,80.94875981370342
2008-10-01,80.94875981370342
2008-11-01,80.8175750040441
2008-11-01,80.8175750040441
2008-11-01,80.8175750040441
2008-11-01,80.8175750040441
2008-11-01,80.8175750040441
2008-12-01,80.68639019438478
2008-12-01,80.68639019438478
2008-12-01,80.68639019438478
2008-12-01,80.68639019438478
2008-12-01,80.68639019438478
2009-01-01,83.18759873814997
2009-01-01,83.18759873814997
2009-01-01,83.18759873814997
2009-01-01,83.18759873814997
2009-01-01,83.18759873814997
2009-02-01,83.05641392849066
2009-02-01,83.05641392849066
2009-02-01,83.05641392849066
2009-02-01,83.05641392849066
2009-02-01,83.05641392849066
2009-03-01,82.92522911883134
2009-03-01,82.92522911883134
2009-03-01,82.92522911883134
2009-03-01,82.92522911883134
2009-03-01,82.92522911883134
2009-04-01,82.79404430917202
2009-04-01,82.79404430917202
2009-04-01,82.79404430917202
2009-04-01,82.79404430917202
2009-04-01,82.79404430917202
2009-05-01,82.6628594995127
2009-05-01,82.6628594995127
2009-05-01,82.6628594995127
2009-05-01,82.6628594995127
2009-05-01,82.6628594995127
2009-06-01,82.53167468985339
2009-06-01,82.53167468985339
2009-06-01,82.53167468985339
2009-06-01,82.53167468985339
2009-06-01,82.53167468985339
2009-07-01,82.40048988019407
2009-07-01,82.40048988019407
2009-07-01,82.40048988019407
2009-07-01,82.40048988019407
2009-07-01,82.40048988019407
2009-08-01,82.26930507053476
2009-08-01,82.26930507053476
2009-08-01,82.26930507053476
2009-08-01,82.26930507053476
2009-08-01,82.26930507053476
2009-09-01,82.13812026087544
2009-09-01,82.13812026087544
2009-09-01,82.13812026087544
2009-09-01,82.13812026087544
2009-09-01,82.13812026087544
2009-10-01,82.00693545121612
2009-10-01,82.00693545121612
2009-10-01,82.00693545121612
2009-10-01,82.00693545121612
2009-10-01,82.00693545121612
2009-11-01,81.8757506415568
2009-11-01,81.8757506415568
2009-11-01,81.8757506415568
2009-11-01,81.8757506415568
2009-11-01,81.8757506415568
2009-12-01,81.74456583189749
2009-12-01,81.74456583189749
2009-12-01,81.74456583189749
2009-12-01,81.74456583189749
2009-12-01,81.74456583189749
2010-01-01,84.24577437566222
2010-01-01,84.24577437566222
2010-01-01,84.24577437566222
2010-01-01,84.24577437566222
2010-01-01,84.24577437566222
2010-02-01,84.1145895660029
2010-02-01,84.1145895660029
2010-02-01,84.1145895660029
2010-02-01,84.1145895660029
2010-02-01,84.1145895660029
2010-03-01,83.98340475634359
2010-03-01,83.98340475634359
2010-03-01,83.98340475634359
2010-03-01,83.98340475634359
2010-03-01,83.98340475634359
2010-04-01,83.85221994668427
2010-04-01,83.85221994668427
2010-04-01,83.85221994668427
2010-04-01,83.85221994668427
2010-04-01,83.85221994668427
2010-05-01,83.72103513702496
2010-05-01,83.72103513702496
2010-05-01,83.72103513702496
2010-05-01,83.72103513702496
2010-05-01,83.72103513702496
2010-06-01,83.58985032736564
2010-06-01,83.58985032736564
2010-06-01,83.58985032736564
2010-06-01,83.58985032736564
2010-06-01,83.58985032736564
2010-07-01,83.45866551770632
2010-07-01,83.45866551770632
2010-07-01,83.45866551770632
2010-07-01,83.45866551770632
2010-07-01,83.45866551770632
2010-08-01,83.327480708047
2010-08-01,83.327480708047
2010-08-01,83.327480708047
2010-08-01,83.327480708047
2010-08-01,83.327480708047
2010-09-01,83.19629589838769
2010-09-01,83.19629589838769
2010-09-01,83.19629589838769
2010-09-01,83.19629589838769
2010-09-01,83.19629589838769
2010-10-01,83.06511108872837
2010-10-01,83.06511108872837
2010-10-01,83.06511108872837
2010-10-01,83.06511108872837
2010-10-01,83.06511108872837
2010-11-01,82.93392627906906
2010-11-01,82.93392627906906
2010-11-01,82.93392627906906
2010-11-01,82.93392627906906
2010-11-01,82.93392627906906
2010-12-01,82.80274146940974
2010-12-01,82.80274146940974
2010-12-01,82.80274146940974
2010-12-01,82.80274146940974
2010-12-01,82.80274146940974
2011-01-01,85.30395001317493
2011-01-01,85.30395001317493
2011-01-01,85.30395001317493
2011-01-01,85.30395001317493
2011-01-01,85.30395001317493
2011-02-01,85.17276520351561
2011-02-01,85.17276520351561
2011-02-01,85.17276520351561
2011-02-01,85.17276520351561
2011-02-01,85.17276520351561
2011-03-01,85.0415803938563
2011-03-01,85.0415803938563
2011-03-01,85.0415803938563
2011-03-01,85.0415803938563
2011-03-01,85.0415803938563
2011-04-01,84.91039558419698
2011-04-01,84.91039558419698
2011-04-01,84.91039558419698
2011-04-01,84.91039558419698
2011-04-01,84.91039558419698
2011-05-01,84.77921077453766
2011-05-01,84.77921077453766
2011-05-01,84.77921077453766
2011-05-01,84.77921077453766
2011-05-01,84.77921077453766
2011-06-01,84.64802596487834
2011-06-01,84.64802596487834
2011-06-01,84.64802596487834
2011-06-01,84.64802596487834
2011-06-01,84.64802596487834
2011-07-01,84.51684115521903
2011-07-01,84.51684115521903
2011-07-01,84.51684115521903
2011-07-01,84.51684115521903
2011-07-01,84.51684115521903
2011-08-01,84.38565634555971
2011-08-01,84.38565634555971
2011-08-01,84.38565634555971
2011-08-01,84.38565634555971
2011-08-01,84.38565634555971
2011-09-01,84.2544715359004
2011-09-01,84.2544715359004
2011-09-01,84.2544715359004
2011-09-01,84.2544715359004
2011-09-01,84.2544715359004
2011-10-01,84.12328672624108
2011-10-01,84.12328672624108
2011-10-01,84.12328672624108
2011-10-01,84.12328672624108
2011-10-01,84.12328672624108
2011-11-01,83.99210191658176
2011-11-01,83.99210191658176
2011-11-01,83.99210191658176
2011-11-01,83.99210191658176
2011-11-01,83.99210191658176
2011-12-01,83.86091710692244
2011-12-01,83.86091710692244
2011-12-01,83.86091710692244
2011-12-01,83.86091710692244
2011-12-01,83.86091710692244
2012-01-01,86.36212565068763
2012-01-01,86.36212565068763
2012-01-01,86.36212565068763
2012-01-01,86.36212565068763
2012-01-01,86.36212565068763
2012-02-01,86.23094084102831
2012-02-01,86.23094084102831
2012-02-01,86.23094084102831
2012-02-01,86.23094084102831
2012-02-01,86.23094084102831
2012-03-01,86.099756031369
2012-03-01,86.099756031369
2012-03-01,86.099756031369
2012-03-01,86.099756031369
2012-03-01,86.099756031369
2012-04-01,85.96857122170968
2012-04-01,85.96857122170968
2012-04-01,85.96857122170968
2012-04-01,85.96857122170968
2012-04-01,85.96857122170968
2012-05-01,85.83738641205036
2012-05-01,85.83738641205036
2012-05-01,85.83738641205036
2012-05-01,85.83738641205036
2012-05-01,85.83738641205036
2012-06-01,85.70620160239105
2012-06-01,85.70620160239105
2012-06-01,85.70620160239105
2012-06-01,85.70620160239105
2012-06-01,85.70620160239105
2012-07-01,85.57501679273173
2012-07-01,85.57501679273173
2012-07-01,85.57501679273173
2012-07-01,85.57501679273173
2012-07-01,85.57501679273173
2012-08-01,85.44383198307241
2012-08-01,85.44383198307241
2012-08-01,85.44383198307241
2012-08-01,85.44383198307241
2012-08-01,85.44383198307241
2012-09-01,85.3126471734131
2012-09-01,85.3126471734131
2012-09-01,85.3126471734131
2012-09-01,85.3126471734131
2012-09-01,85.3126471734131
2012-10-01,85.18146236375378
2012-10-01,85.18146236375378
2012-10-01,85.18146236375378
2012-10-01,85.18146236375378
2012-10-01,85.18146236375378
2012-11-01,85.05027755409446
2012-11-01,85.05027755409446
2012-11-01,85.05027755409446
2012-11-01,85.05027755409446
2012-11-01,85.05027755409446
2012-12-01,84.91909274443515
2012-12-01,84.91909274443515
2012-12-01,84.91909274443515
2012-12-01,84.91909274443515
2012-12-01,84.91909274443515
2013-01-01,87.42030128820033
2013-01-01,87.42030128820033
2013-01-01,87.42030128820033
2013-01-01,87.42030128820033
2013-01-01,87.42030128820033
2013-02-01,87.28911647854102
2013-02-01,87.28911647854102
2013-02-01,87.28911647854102
2013-02-01,87.28911647854102
2013-02-01,87.28911647854102
2013-03-01,87.1579316688817
2013-03-01,87.1579316688817
2013-03-01,87.1579316688817
2013-03-01,87.1579316688817
2013-03-01,87.1579316688817
2013-04-01,87.02674685922238
2013-04-01,87.02674685922238
2013-04-01,87.02674685922238
2013-04-01,87.02674685922238
2013-04-01,87.02674685922238
2013-05-01,86.89556204956307
2013-05-01,86.89556204956307
2013-05-01,86.89556204956307
2013-05-01,86.89556204956307
2013-05-01,86.89556204956307
2013-06-01,86.76437723990375
2013-06-01,86.76437723990375
2013-06-01,86.76437723990375
2013-06-01,86.76437723990375
2013-06-01,86.76437723990375
2013-07-01,86.63319243024443
2013-07-01,86.63319243024443
2013-07-01,86.63319243024443
2013-07-01,86.63319243024443
2013-07-01,86.63319243024443
2013-08-01,86.50200762058512
2013-08-01,86.50200762058512
2013-08-01,86.50200762058512
2013-08-01,86.50200762058512
2013-08-01,86.50200762058512
2013-09-01,86.3708228109258
2013-09-01,86.3708228109258
2013-09-01,86.3708228109258
2013-09-01,86.3708228109258
2013-09-01,86.3708228109258
2013-10-01,86.23963800126648
2013-10-01,86.23963800126648
2013-10-01,86.23963800126648
2013-10-01,86.23963800126648
2013-10-01,86.23963800126648
2013-11-01,86.10845319160717
2013-11-01,86.10845319160717
2013-11-01,86.10845319160717
2013-11-01,86.10845319160717
2013-11-01,86.10845319160717
2013-12-01,85.97726838194785
2013-12-01,85.97726838194785
2013-12-01,85.97726838194785
2013-12-01,85.97726838194785
2013-12-01,85.97726838194785
2014-01-01,88.47847692571304
2014-01-01,88.47847692571304
2014-01-01,88.47847692571304
2014-01-01,88.47847692571304
2014-01-01,88.47847692571304
2014-02-01,88.34729211605372
2014-02-01,88.34729211605372
2014-02-01,88.34729211605372
2014-02-01,88.34729211605372
2014-02-01,88.34729211605372
2014-03-01,88.2161073063944
2014-03-01,88.2161073063944
2014-03-01,88.2161073063944
2014-03-01,88.2161073063944
2014-03-01,88.2161073063944
2014-04-01,88.08492249673509
2014-04-01,88.08492249673509
2014-04-01,88.08492249673509
2014-04-01,88.08492249673509
2014-04-01,88.08492249673509
2014-05-01,87.95373768707577
2014-05-01,87.95373768707577
2014-05-01,87.95373768707577
2014-05-01,87.95373768707577
2014-05-01,87.95373768707577
2014-06-01,87.82255287741646
2014-06-01,87.82255287741646
2014-06-01,87.82255287741646
2014-06-01,87.82255287741646
2014-06-01,87.82255287741646
2014-07-01,87.69136806775714
2014-07-01,87.69136806775714
2014-07-01,87.69136806775714
2014-07-01,87.69136806775714
2014-07-01,87.69136806775714
2014-08-01,87.56018325809782
2014-08-01,87.56018325809782
2014-08-01,87.56018325809782
2014-08-01,87.56018325809782
2014-08-01,87.56018325809782
2014-09-01,87.4289984484385
2014-09-01,87.4289984484385
2014-09-01,87.4289984484385
2014-09-01,87.4289984484385
2014-09-01,87.4289984484385
2014-10-01,87.29781363877919
2014-10-01,87.29781363877919
2014-10-01,87.29781363877919
2014-10-01,87.29781363877919
2014-10-01,87.29781363877919
2014-11-01,87.16662882911987
2014-11-01,87.16662882911987
2014-11-01,87.16662882911987
2014-11-01,87.16662882911987
2014-11-01,87.16662882911987
2014-12-01,87.03544401946056
2014-12-01,87.03544401946056
2014-12-01,87.03544401946056
2014-12-01,87.03544401946056
2014-12-01,87.03544401946056
2015-01-01,89.53665256322574
2015-01-01,89.53665256322574
2015-01-01,89.53665256322574
2015-01-01,89.53665256322574
2015-01-01,89.53665256322574
2015-02-01,89.40546775356643
2015-02-01,89.40546775356643
2015-02-01,89.40546775356643
2015-02-01,89.40546775356643
2015-02-01,89.40546775356643
2015-03-01,89.27428294390711
2015-03-01,89.27428294390711
2015-03-01,89.27428294390711
2015-03-01,89.27428294390711
2015-03-01,89.27428294390711
2015-04-01,89.1430981342478
2015-04-01,89.1430981342478
2015-04-01,89.1430981342478
2015-04-01,89.1430981342478
2015-04-01,89.1430981342478
2015-05-01,89.01191332458848
2015-05-01,89.01191332458848
2015-05-01,89.01191332458848
2015-05-01,89.01191332458848
2015-05-01,89.01191332458848
2015-06-01,88.88072851492916
2015-06-01,88.88072851492916
2015-06-01,88.88072851492916
2015-06-01,88.88072851492916
2015-06-01,88.88072851492916
2015-07-01,88.74954370526984
2015-07-01,88.74954370526984
2015-07-01,88.74954370526984
2015-07-01,88.74954370526984
2015-07-01,88.74954370526984
2015-08-01,88.61835889561053
2015-08-01,88.61835889561053
2015-08-01,88.61835889561053
2015-08-01,88.61835889561053
2015-08-01,88.61835889561053
2015-09-01,88.48717408595121
2015-09-01,88.48717408595121
2015-09-01,88.48717408595121
2015-09-01,88.48717408595121
2015-09-01,88.48717408595121
2015-10-01,88.3559892762919
2015-10-01,88.3559892762919
2015-10-01,88.3559892762919
2015-10-01,88.3559892762919
2015-10-01,88.3559892762919
2015-11-01,88.22480446663258
2015-11-01,88.22480446663258
2015-11-01,88.22480446663258
2015-11-01,88.22480446663258
2015-11-01,88.22480446663258
2015-12-01,88.09361965697326
2015-12-01,88.09361965697326
2015-12-01,88.09361965697326
2015-12-01,88.09361965697326
2015-12-01,88.09361965697326
2016-01-01,90.59482820073845
2016-01-01,90.59482820073845
2016-01-01,90.59482820073845
2016-01-01,90.59482820073845
2016-01-01,90.59482820073845
2016-02-01,90.46364339107913
2016-02-01,90.46364339107913
2016-02-01,90.46364339107913
2016-02-01,90.46364339107913
2016-02-01,90.46364339107913
2016-03-01,90.33245858141981
2016-03-01,90.33245858141981
2016-03-01,90.33245858141981
2016-03-01,90.33245858141981
2016-03-01,90.33245858141981
2016-04-01,90.2012737717605
2016-04-01,90.2012737717605
2016-04-01,90.2012737717605
2016-04-01,90.2012737717605
2016-04-01,90.2012737717605
2016-05-01,90.07008896210118
2016-05-01,90.07008896210118
2016-05-01,90.07008896210118
2016-05-01,90.07008896210118
2016-05-01,90.07008896210118
2016-06-01,89.93890415244186
2016-06-01,89.93890415244186
2016-06-01,89.93890415244186
2016-06-01,89.93890415244186
2016-06-01,89.93890415244186
2016-07-01,89.80771934278255
2016-07-01,89.80771934278255
2016-07-01,89.80771934278255
2016-07-01,89.80771934278255
2016-07-01,89.80771934278255
2016-08-01,89.67653453312323
2016-08-01,89.67653453312323
2016-08-01,89.67653453312323
2016-08-01,89.67653453312323
2016-08-01,89.67653453312323
2016-09-01,89.54534972346391
2016-09-01,89.54534972346391
2016-09-01,89.54534972346391
2016-09-01,89.54534972346391
2016-09-01,89.54534972346391
2016-10-01,89.4141649138046
2016-10-01,89.4141649138046
2016-10-01,89.4141649138046
2016-10-01,89.4141649138046
2016-10-01,89.4141649138046
2016-11-01,89.28298010414528
2016-11-01,89.28298010414528
2016-11-01,89.28298010414528
2016-11-01,89.28298010414528
2016-11-01,89.28298010414528
2016-12-01,89.15179529448596
2016-12-01,89.15179529448596
2016-12-01,89.15179529448596
2016-12-01,89.15179529448596
2016-12-01,89.15179529448596
2017-01-01,91.65300383825115
2017-01-01,91.65300383825115
2017-01-01,91.65300383825115
2017-01-01,91.65300383825115
2017-01-01,91.65300383825115
2017-02-01,91.52181902859184
2017-02-01,91.52181902859184
2017-02-01,91.52181902859184
2017-02-01,91.52181902859184
2017-02-01,91.52181902859184
2017-03-01,91.39063421893252
2017-03-01,91.39063421893252
2017-03-01,91.39063421893252
2017-03-01,91.39063421893252
2017-03-01,91.39063421893252
2017-04-01,91.2594494092732
2017-04-01,91.2594494092732
2017-04-01,91.2594494092732
2017-04-01,91.2594494092732
2017-04-01,91.2594494092732
2017-05-01,91.12826459961389
2017-05-01,91.12826459961389
2017-05-01,91.12826459961389
2017-05-01,91.12826459961389
2017-05-01,91.12826459961389
2017-06-01,90.99707978995457
2017-06-01,90.99707978995457
2017-06-01,90.99707978995457
2017-06-01,90.99707978995457
2017-06-01,90.99707978995457
2017-07-01,90.86589498029525
2017-07-01,90.86589498029525
2017-07-01,90.86589498029525
2017-07-01,90.86589498029525
2017-07-01,90.86589498029525
2017-08-01,90.73471017063594
2017-08-01,90.73471017063594
2017-08-01,90.73471017063594
2017-08-01,90.73471017063594
2017-08-01,90.73471017063594
2017-09-01,90.60352536097662
2017-09-01,90.60352536097662
2017-09-01,90.60352536097662
2017-09-01,90.60352536097662
2017-09-01,90.60352536097662
2017-10-01,90.4723405513173
2017-10-01,90.4723405513173
2017-10-01,90.4723405513173
2017-10-01,90.4723405513173
2017-10-01,90.4723405513173
2017-11-01,90.34115574165799
2017-11-01,90.34115574165799
2017-11-01,90.34115574165799
2017-11-01,90.34115574165799
2017-11-01,90.34115574165799
2017-12-01,90.20997093199867
2017-12-01,90.20997093199867
2017-12-01,90.20997093199867
2017-12-01,90.20997093199867
2017-12-01,90.20997093199867
2018-01-01,92.7111794757634
2018-01-01,92.7111794757634
2018-01-01,92.7111794757634
2018-01-01,92.7111794757634
2018-01-01,92.7111794757634
2018-02-01,92.57999466610408
2018-02-01,92.57999466610408
2018-02-01,92.57999466610408
2018-02-01,92.57999466610408
2018-02-01,92.57999466610408
2018-03-01,92.44880985644477
2018-03-01,92.44880985644477
2018-03-01,92.44880985644477
2018-03-01,92.44880985644477
2018-03-01,92.44880985644477
2018-04-01,92.31762504678545
2018-04-01,92.31762504678545
2018-04-01,92.31762504678545
2018-04-01,92.31762504678545
2018-04-01,92.31762504678545
2018-05-01,92.18644023712613
2018-05-01,92.18644023712613
2018-05-01,92.18644023712613
2018-05-01,92.18644023712613
2018-05-01,92.18644023712613
2018-06-01,92.05525542746682
2018-06-01,92.05525542746682
2018-06-01,92.05525542746682
2018-06-01,92.05525542746682
2018-06-01,92.05525542746682
2018-07-01,91.9240706178075
2018-07-01,91.9240706178075
2018-07-01,91.9240706178075
2018-07-01,91.9240706178075
2018-07-01,91.9240706178075
2018-08-01,91.79288580814818
2018-08-01,91.79288580814818
2018-08-01,91.79288580814818
2018-08-01,91.79288580814818
2018-08-01,91.79288580814818
2018-09-01,91.66170099848887
2018-09-01,91.66170099848887
2018-09-01,91.66170099848887
2018-09-01,91.66170099848887
2018-09-01,91.66170099848887
2018-10-01,91.53051618882955
2018-10-01,91.53051618882955
2018-10-01,91.53051618882955
2018-10-01,91.53051618882955
2018-10-01,91.53051618882955
2018-11-01,91.39933137917023
2018-11-01,91.39933137917023
2018-11-01,91.39933137917023
2018-11-01,91.39933137917023
2018-11-01,91.39933137917023
2018-12-01,91.26814656951092
2018-12-01,91.26814656951092
2018-12-01,91.26814656951092
2018-12-01,91.26814656951092
2018-12-01,91.26814656951092
2019-01-01,93.7693551132761
2019-01-01,93.7693551132761
2019-01-01,93.7693551132761
2019-01-01,93.7693551132761
2019-01-01,93.7693551132761
2019-02-01,93.63817030361679
2019-02-01,93.63817030361679
2019-02-01,93.63817030361679
2019-02-01,93.63817030361679
2019-02-01,93.63817030361679
2019-03-01,93.50698549395747
2019-03-01,93.50698549395747
2019-03-01,93.50698549395747
2019-03-01,93.50698549395747
2019-03-01,93.50698549395747
2019-04-01,93.37580068429816
2019-04-01,93.37580068429816
2019-04-01,93.37580068429816
2019-04-01,93.37580068429816
2019-04-01,93.37580068429816
2019-05-01,93.24461587463884
2019-05-01,93.24461587463884
2019-05-01,93.24461587463884
2019-05-01,93.24461587463884
2019-05-01,93.24461587463884
2019-06-01,93.11343106497952
2019-06-01,93.11343106497952
2019-06-01,93.11343106497952
2019-06-01,93.11343106497952
2019-06-01,93.11343106497952
2019-07-01,92.9822462553202
2019-07-01,92.9822462553202
2019-07-01,92.9822462553202
2019-07-01,92.9822462553202
2019-07-01,92.9822462553202
2019-08-01,92.85106144566089
2019-08-01,92.85106144566089
2019-08-01,92.85106144566089
2019-08-01,92.85106144566089
2019-08-01,92.85106144566089
2019-09-01,92.71987663600157
2019-09-01,92.71987663600157
2019-09-01,92.71987663600157
2019-09-01,92.71987663600157
2019-09-01,92.71987663600157
2019-10-01,92.58869182634226
2019-10-01,92.58869182634226
2019-10-01,92.58869182634226
2019-10-01,92.58869182634226
2019-10-01,92.58869182634226
2019-11-01,92.45750701668294
2019-11-01,92.45750701668294
2019-11-01,92.45750701668294
2019-11-01,92.45750701668294
2019-11-01,92.45750701668294
2019-12-01,92.32632220702362
2019-12-01,92.32632220702362
2019-12-01,92.32632220702362
2019-12-01,92.32632220702362
2019-12-01,92.32632220702362
2020-01-01,94.82753075078881
2020-01-01,94.82753075078881
2020-01-01,94.82753075078881
2020-01-01,94.82753075078881
2020-01-01,94.82753075078881
2020-02-01,94.6963459411295
2020-02-01,94.6963459411295
2020-02-01,94.6963459411295
2020-02-01,94.6963459411295
2020-02-01,94.6963459411295
2020-03-01,94.56516113147018
2020-03-01,94.56516113147018
2020-03-01,94.56516113147018
2020-03-01,94.56516113147018
2020-03-01,94.56516113147018
2020-04-01,94.43397632181086
2020-04-01,94.43397632181086
2020-04-01,94.43397632181086
2020-04-01,94.43397632181086
2020-04-01,94.43397632181086
2020-05-01,94.30279151215154
2020-05-01,94.30279151215154
2020-05-01,94.30279151215154
2020-05-01,94.30279151215154
2020-05-01,94.30279151215154
2020-06-01,94.17160670249223
2020-06-01,94.17160670249223
2020-06-01,94.17160670249223
2020-06-01,94.17160670249223
2020-06-01,94.17160670249223
2020-07-01,94.04042189283291
2020-07-01,94.04042189283291
2020-07-01,94.04042189283291
2020-07-01,94.04042189283291
2020-07-01,94.04042189283291
2020-08-01,93.9092370831736
2020-08-01,93.9092370831736
2020-08-01,93.9092370831736
2020-08-01,93.9092370831736
2020-08-01,93.9092370831736
2020-09-01,93.77805227351428
2020-09-01,93.77805227351428
2020-09-01,93.77805227351428
2020-09-01,93.77805227351428
2020-09-01,93.77805227351428
2020-10-01,93.64686746385496
2020-10-01,93.64686746385496
2020-10-01,93.64686746385496
2020-10-01,93.64686746385496
2020-10-01,93.64686746385496
2020-11-01,93.51568265419564
2020-11-01,93.51568265419564
2020-11-01,93.51568265419564
2020-11-01,93.51568265419564
2020-11-01,93.51568265419564
2020-12-01,93.38449784453633
2020-12-01,93.38449784453633
2020-12-01,93.38449784453633
2020-12-01,93.38449784453633
2020-12-01,93.38449784453633
2021-01-01,95.88570638830151
2021-01-01,95.88570638830151
2021-01-01,95.88570638830151
2021-01-01,95.88570638830151
2021-01-01,95.88570638830151
2021-02-01,95.7545215786422
2021-02-01,95.7545215786422
2021-02-01,95.7545215786422
2021-02-01,95.7545215786422
2021-02-01,95.7545215786422
2021-03-01,95.62333676898288
2021-03-01,95.62333676898288
2021-03-01,95.62333676898288
2021-03-01,95.62333676898288
2021-03-01,95.62333676898288
2021-04-01,95.49215195932356
2021-04-01,95.49215195932356
2021-04-01,95.49215195932356
2021-04-01,95.49215195932356
2021-04-01,95.49215195932356
2021-05-01,95.36096714966425
2021-05-01,95.36096714966425
2021-05-01,95.36096714966425
2021-05-01,95.36096714966425
2021-05-01,95.36096714966425
2021-06-01,95.22978234000493
2021-06-01,95.22978234000493
2021-06-01,95.22978234000493
2021-06-01,95.22978234000493
2021-06-01,95.22978234000493
2021-07-01,95.09859753034561
2021-07-01,95.09859753034561
2021-07-01,95.09859753034561
2021-07-01,95.09859753034561
2021-07-01,95.09859753034561
2021-08-01,94.9674127206863
2021-08-01,94.9674127206863
2021-08-01,94.9674127206863
2021-08-01,94.9674127206863
2021-08-01,94.9674127206863
2021-09-01,94.83622791102698
2021-09-01,94.83622791102698
2021-09-01,94.83622791102698
2021-09-01,94.83622791102698
2021-09-01,94.83622791102698
2021-10-01,94.70504310136766
2021-10-01,94.70504310136766
2021-10-01,94.70504310136766
2021-10-01,94.70504310136766
2021-10-01,94.70504310136766
2021-11-01,94.57385829170835
2021-11-01,94.57385829170835
2021-11-01,94.57385829170835
2021-11-01,94.57385829170835
2021-11-01,94.57385829170835
2021-12-01,94.44267348204903
2021-12-01,94.44267348204903
2021-12-01,94.44267348204903
2021-12-01,94.44267348204903
2021-12-01,94.44267348204903
2022-01-01,96.94388202581422
2022-01-01,96.94388202581422
2022-01-01,96.94388202581422
2022-01-01,96.94388202581422
2022-01-01,96.94388202581422
2022-02-01,96.8126972161549
2022-02-01,96.8126972161549
2022-02-01,96.8126972161549
2022-02-01,96.8126972161549
2022-02-01,96.8126972161549
2022-03-01,96.68151240649559
2022-03-01,96.68151240649559
2022-03-01,96.68151240649559
2022-03-01,96.68151240649559
2022-03-01,96.68151240649559
2022-04-01,96.55032759683627
2022-04-01,96.55032759683627
2022-04-01,96.55032759683627
2022-04-01,96.55032759683627
2022-04-01,96.55032759683627
2022-05-01,96.41914278717695
2022-05-01,96.41914278717695
2022-05-01,96.41914278717695
2022-05-01,96.41914278717695
2022-05-01,96.41914278717695
2022-06-01,96.28795797751764
2022-06-01,96.28795797751764
2022-06-01,96.28795797751764
2022-06-01,96.28795797751764
2022-06-01,96.28795797751764
2022-07-01,96.15677316785832
2022-07-01,96.15677316785832
2022-07-01,96.15677316785832
2022-07-01,96.15677316785832
2022-07-01,96.15677316785832
2022-08-01,96.025588358199
2022-08-01,96.025588358199
2022-08-01,96.025588358199
2022-08-01,96.025588358199
2022-08-01,96.025588358199
2022-09-01,95.89440354853969
2022-09-01,95.89440354853969
2022-09-01,95.89440354853969
2022-09-01,95.89440354853969
2022-09-01,95.89440354853969
2022-10-01,95.76321873888037
2022-10-01,95.76321873888037
2022-10-01,95.76321873888037
2022-10-01,95.76321873888037
2022-10-01,95.76321873888037
2022-11-01,95.63203392922105
2022-11-01,95.63203392922105
2022-11-01,95.63203392922105
2022-11-01,95.63203392922105
2022-11-01,95.63203392922105
2022-12-01,95.50084911956174
2022-12-01,95.50084911956174
2022-12-01,95.50084911956174
2022-12-01,95.50084911956174
2022-12-01,95.50084911956174
2023-01-01,98.00205766332692
2023-01-01,98.00205766332692
2023-01-01,98.00205766332692
2023-01-01,98.00205766332692
2023-01-01,98.00205766332692
2023-02-01,97.8708728536676
2023-02-01,97.8708728536676
2023-02-01,97.8708728536676
2023-02-01,97.8708728536676
2023-02-01,97.8708728536676
2023-03-01,97.73968804400829
2023-03-01,97.73968804400829
2023-03-01,97.73968804400829
2023-03-01,97.73968804400829
2023-03-01,97.73968804400829
2023-04-01,97.60850323434897
2023-04-01,97.60850323434897
2023-04-01,97.60850323434897
2023-04-01,97.60850323434897
2023-04-01,97.60850323434897
2023-05-01,97.47731842468966
2023-05-01,97.47731842468966
2023-05-01,97.47731842468966
2023-05-01,97.47731842468966
2023-05-01,97.47731842468966
2023-06-01,97.34613361503034
2023-06-01,97.34613361503034
2023-06-01,97.34613361503034
2023-06-01,97.34613361503034
2023-06-01,97.34613361503034
2023-07-01,97.21494880537102
2023-07-01,97.21494880537102
2023-07-01,97.21494880537102
2023-07-01,97.21494880537102
2023-07-01,97.21494880537102
2023-08-01,97.0837639957117
2023-08-01,97.0837639957117
2023-08-01,97.0837639957117
2023-08-01,97.0837639957117
2023-08-01,97.0837639957117
2023-09-01,96.95257918605239
2023-09-01,96.95257918605239
2023-09-01,96.95257918605239
2023-09-01,96.95257918605239
2023-09-01,96.95257918605239
2023-10-01,96.82139437639307
2023-10-01,96.82139437639307
2023-10-01,96.82139437639307
2023-10-01,96.82139437639307
2023-10-01,96.82139437639307
2023-11-01,96.69020956673376
2023-11-01,96.69020956673376
2023-11-01,96.69020956673376
2023-11-01,96.69020956673376
2023-11-01,96.69020956673376
2023-12-01,96.55902475707444
2023-12-01,96.55902475707444
2023-12-01,96.55902475707444
2023-12-01,96.55902475707444
2023-12-01,96.55902475707444
2024-01-01,99.06023330083963
2024-01-01,99.06023330083963
2024-01-01,99.06023330083963
2024-01-01,99.06023330083963
2024-01-01,99.06023330083963
